date,order_id,product,sku,quantity,unit_price,discount_amount,revenue
2019-01-05,750-67-8428,Health and beauty,SKU-750-67-8,7,74.69,0.0,522.83
2019-03-08,226-31-3081,Electronic accessories,SKU-226-31-3,5,15.28,0.0,76.4
2019-03-03,631-41-3108,Home and lifestyle,SKU-631-41-3,7,46.33,0.0,324.31
2019-01-27,123-19-1176,Health and beauty,SKU-123-19-1,8,58.22,0.0,465.76
2019-02-08,373-73-7910,Sports and travel,SKU-373-73-7,7,86.31,0.0,604.1700000000001
2019-03-25,699-14-3026,Electronic accessories,SKU-699-14-3,7,85.39,0.0,597.73
2019-02-25,355-53-5943,Electronic accessories,SKU-355-53-5,6,68.84,0.0,413.04
2019-02-24,315-22-5665,Home and lifestyle,SKU-315-22-5,10,73.56,0.0,735.6
2019-01-10,665-32-9167,Health and beauty,SKU-665-32-9,2,36.26,0.0,72.52
2019-02-20,692-92-5582,Food and beverages,SKU-692-92-5,3,54.84,0.0,164.52
2019-02-06,351-62-0822,Fashion accessories,SKU-351-62-0,4,14.48,0.0,57.92
2019-03-09,529-56-3974,Electronic accessories,SKU-529-56-3,4,25.51,0.0,102.03999999999999
2019-02-12,365-64-0515,Electronic accessories,SKU-365-64-0,5,46.95,0.0,234.75
2019-02-07,252-56-2699,Food and beverages,SKU-252-56-2,10,43.19,0.0,431.9
2019-03-29,829-34-3910,Health and beauty,SKU-829-34-3,10,71.38,0.0,713.8
2019-01-15,299-46-1805,Sports and travel,SKU-299-46-1,6,93.72,0.0,562.32
2019-03-11,656-95-9349,Health and beauty,SKU-656-95-9,7,68.93,0.0,482.51
2019-01-01,765-26-6951,Sports and travel,SKU-765-26-6,6,72.61,0.0,435.65999999999997
2019-01-21,329-62-1586,Food and beverages,SKU-329-62-1,3,54.67,0.0,164.01
2019-03-11,319-50-3348,Home and lifestyle,SKU-319-50-3,2,40.3,0.0,80.6
2019-02-25,300-71-4605,Electronic accessories,SKU-300-71-4,5,86.04,0.0,430.2
2019-03-05,371-85-5789,Health and beauty,SKU-371-85-5,3,87.98,0.0,263.94
2019-03-15,273-16-6619,Home and lifestyle,SKU-273-16-6,2,33.2,0.0,66.4
2019-02-17,636-48-8204,Electronic accessories,SKU-636-48-8,5,34.56,0.0,172.8
2019-03-02,549-59-1358,Sports and travel,SKU-549-59-1,3,88.63,53.178,212.712
2019-03-22,227-03-5010,Home and lifestyle,SKU-227-03-5,8,52.59,0.0,420.71999999999997
2019-02-08,649-29-6775,Fashion accessories,SKU-649-29-6,1,33.52,0.0,33.519999999999996
2019-03-10,189-17-4241,Fashion accessories,SKU-189-17-4,2,87.67,0.0,175.34
2019-01-25,145-94-9061,Food and beverages,SKU-145-94-9,5,88.36,0.0,441.8
2019-03-15,848-62-7243,Health and beauty,SKU-848-62-7,9,24.89,0.0,224.01
2019-02-25,871-79-8483,Fashion accessories,SKU-871-79-8,5,94.13,0.0,470.65
2019-01-28,149-71-6266,Sports and travel,SKU-149-71-6,9,78.07,0.0,702.63
2019-01-10,640-49-2076,Sports and travel,SKU-640-49-2,8,83.78,0.0,670.24
2019-03-15,595-11-5460,Health and beauty,SKU-595-11-5,2,96.58,0.0,193.16000000000003
2019-02-06,183-56-6882,Food and beverages,SKU-183-56-6,4,99.42,0.0,397.68
2019-01-07,232-16-2483,Sports and travel,SKU-232-16-2,1,68.12,0.0,68.11999999999999
2019-03-10,129-29-8530,Sports and travel,SKU-129-29-8,5,62.62,62.62,250.48000000000002
2019-01-15,272-65-1806,Electronic accessories,SKU-272-65-1,9,60.88,0.0,547.9200000000001
2019-03-23,333-73-7901,Health and beauty,SKU-333-73-7,8,54.92,0.0,439.35999999999996
2019-03-03,777-82-7220,Home and lifestyle,SKU-777-82-7,8,30.12,0.0,240.96
2019-01-17,280-35-5823,Home and lifestyle,SKU-280-35-5,1,86.72,0.0,86.72
2019-02-02,554-53-8700,Home and lifestyle,SKU-554-53-8,2,56.11,0.0,112.22
2019-02-08,354-25-5821,Sports and travel,SKU-354-25-5,6,69.12,0.0,414.72
2019-03-04,228-96-1411,Food and beverages,SKU-228-96-1,8,98.7,0.0,789.6
2019-03-16,617-15-4209,Health and beauty,SKU-617-15-4,2,15.37,0.0,30.740000000000002
2019-03-09,132-32-9879,Electronic accessories,SKU-132-32-9,4,93.96,0.0,375.84000000000003
2019-02-27,370-41-7321,Health and beauty,SKU-370-41-7,9,56.69,0.0,510.21000000000004
2019-02-06,727-46-3608,Food and beverages,SKU-727-46-3,9,20.01,0.0,180.09
2019-02-10,669-54-1719,Electronic accessories,SKU-669-54-1,6,18.93,0.0,113.58
2019-03-19,574-22-5561,Fashion accessories,SKU-574-22-5,10,82.63,0.0,826.3
2019-02-03,326-78-5178,Food and beverages,SKU-326-78-5,7,91.4,0.0,639.8
2019-02-10,162-48-8011,Food and beverages,SKU-162-48-8,5,44.59,0.0,222.95
2019-03-22,616-24-2851,Fashion accessories,SKU-616-24-2,4,17.87,0.0,71.48
2019-01-25,778-71-5554,Fashion accessories,SKU-778-71-5,1,15.43,0.0,15.43
2019-03-07,242-55-6721,Home and lifestyle,SKU-242-55-6,2,16.16,0.0,32.32
2019-02-28,399-46-5918,Electronic accessories,SKU-399-46-5,8,85.98,0.0,687.8399999999999
2019-03-27,106-35-6779,Home and lifestyle,SKU-106-35-6,2,44.34,0.0,88.68
2019-02-07,635-40-6220,Health and beauty,SKU-635-40-6,8,89.6,0.0,716.8
2019-01-20,817-48-8732,Home and lifestyle,SKU-817-48-8,10,72.35,0.0,723.5
2019-03-12,120-06-4233,Electronic accessories,SKU-120-06-4,6,30.61,0.0,183.66
2019-02-15,285-68-5083,Sports and travel,SKU-285-68-5,3,24.74,0.0,74.22
2019-02-24,803-83-5989,Home and lifestyle,SKU-803-83-5,6,55.73,0.0,334.38
2019-02-03,347-34-2234,Sports and travel,SKU-347-34-2,9,55.07,0.0,495.63000000000005
2019-03-06,199-75-8169,Sports and travel,SKU-199-75-8,10,15.81,31.62,126.48
2019-02-14,853-23-2453,Health and beauty,SKU-853-23-2,4,75.74,0.0,302.96
2019-03-13,877-22-3308,Health and beauty,SKU-877-22-3,10,15.87,0.0,158.7
2019-02-10,838-78-4295,Health and beauty,SKU-838-78-4,2,33.47,0.0,66.94000000000001
2019-01-07,109-28-2512,Fashion accessories,SKU-109-28-2,6,97.61,0.0,585.66
2019-01-24,232-11-3025,Sports and travel,SKU-232-11-3,10,78.77,0.0,787.7
2019-02-02,382-03-4532,Health and beauty,SKU-382-03-4,1,18.33,0.0,18.330000000000002
2019-01-06,393-65-2792,Food and beverages,SKU-393-65-2,10,89.48,0.0,894.8
2019-02-11,796-12-2025,Fashion accessories,SKU-796-12-2,10,62.12,0.0,621.2
2019-03-05,510-95-6347,Food and beverages,SKU-510-95-6,3,48.52,0.0,145.56
2019-03-09,841-35-6630,Electronic accessories,SKU-841-35-6,6,75.91,0.0,455.46
2019-01-22,287-21-9091,Home and lifestyle,SKU-287-21-9,9,74.67,0.0,672.03
2019-01-13,732-94-0499,Electronic accessories,SKU-732-94-0,10,41.65,0.0,416.5
2019-01-09,263-10-3913,Fashion accessories,SKU-263-10-3,9,49.04,0.0,441.36
2019-01-12,381-20-0914,Fashion accessories,SKU-381-20-0,9,20.01,0.0,180.09
2019-03-05,829-49-1914,Food and beverages,SKU-829-49-1,10,78.31,0.0,783.1
2019-01-22,756-01-7507,Health and beauty,SKU-756-01-7,5,20.38,0.0,101.9
2019-01-21,870-72-4431,Health and beauty,SKU-870-72-4,6,99.19,0.0,595.1400000000001
2019-01-26,847-38-7188,Food and beverages,SKU-847-38-7,3,96.68,0.0,290.03999999999996
2019-01-23,480-63-2856,Food and beverages,SKU-480-63-2,8,19.25,0.0,154.0
2019-02-23,787-56-0757,Food and beverages,SKU-787-56-0,4,80.36,0.0,321.44
2019-03-09,360-39-5055,Sports and travel,SKU-360-39-5,5,48.91,48.91,195.64
2019-03-05,730-50-9884,Sports and travel,SKU-730-50-9,7,83.06,116.28400000000002,465.13599999999997
2019-03-25,362-58-8315,Fashion accessories,SKU-362-58-8,5,76.52,0.0,382.6
2019-03-27,633-44-8566,Food and beverages,SKU-633-44-8,7,49.38,0.0,345.65999999999997
2019-01-02,504-35-8843,Sports and travel,SKU-504-35-8,1,42.47,0.0,42.47
2019-02-27,318-68-5053,Health and beauty,SKU-318-68-5,6,76.99,0.0,461.94
2019-01-23,565-80-5980,Home and lifestyle,SKU-565-80-5,4,47.38,0.0,189.52
2019-01-26,225-32-0908,Sports and travel,SKU-225-32-0,10,44.86,0.0,448.59999999999997
2019-01-10,873-51-0671,Sports and travel,SKU-873-51-0,7,21.98,0.0,153.85999999999999
2019-03-12,152-08-9985,Health and beauty,SKU-152-08-9,9,64.36,0.0,579.24
2019-02-06,512-91-0811,Health and beauty,SKU-512-91-0,1,89.75,0.0,89.75
2019-03-08,594-34-4444,Electronic accessories,SKU-594-34-4,1,97.16,0.0,97.16
2019-03-29,766-85-7061,Health and beauty,SKU-766-85-7,10,87.87,0.0,878.7
2019-02-09,871-39-9221,Electronic accessories,SKU-871-39-9,6,12.45,0.0,74.7
2019-03-23,865-92-6136,Food and beverages,SKU-865-92-6,3,52.75,0.0,158.25
2019-03-05,733-01-9107,Home and lifestyle,SKU-733-01-9,6,82.7,0.0,496.2
2019-03-26,163-56-7055,Fashion accessories,SKU-163-56-7,1,48.71,0.0,48.71
2019-03-01,189-98-2939,Fashion accessories,SKU-189-98-2,9,78.55,0.0,706.95
2019-02-01,551-21-3069,Electronic accessories,SKU-551-21-3,9,23.07,0.0,207.63000000000002
2019-03-28,212-62-1842,Food and beverages,SKU-212-62-1,6,58.26,0.0,349.56
2019-03-19,716-39-1409,Health and beauty,SKU-716-39-1,7,30.35,0.0,212.45
2019-01-12,704-48-3927,Electronic accessories,SKU-704-48-3,10,88.67,0.0,886.6999999999999
2019-01-05,628-34-3388,Fashion accessories,SKU-628-34-3,6,27.38,0.0,164.28
2019-03-22,630-74-5166,Sports and travel,SKU-630-74-5,6,62.13,74.55600000000001,298.224
2019-03-24,588-01-7461,Food and beverages,SKU-588-01-7,9,33.98,0.0,305.82
2019-03-03,861-77-0145,Electronic accessories,SKU-861-77-0,10,81.97,0.0,819.6999999999999
2019-02-05,479-26-8945,Sports and travel,SKU-479-26-8,2,16.49,0.0,32.98
2019-02-05,210-67-5886,Health and beauty,SKU-210-67-5,3,98.21,0.0,294.63
2019-02-15,227-78-1148,Fashion accessories,SKU-227-78-1,7,72.84,0.0,509.88
2019-01-19,645-44-1170,Home and lifestyle,SKU-645-44-1,9,58.07,0.0,522.63
2019-02-01,237-01-6122,Home and lifestyle,SKU-237-01-6,9,80.79,0.0,727.11
2019-03-02,225-98-1496,Fashion accessories,SKU-225-98-1,3,27.02,0.0,81.06
2019-03-05,291-32-1427,Fashion accessories,SKU-291-32-1,5,21.94,0.0,109.7
2019-01-16,659-65-8956,Fashion accessories,SKU-659-65-8,1,51.36,0.0,51.36
2019-02-02,642-32-2990,Food and beverages,SKU-642-32-2,10,10.96,0.0,109.6
2019-01-20,378-24-2715,Home and lifestyle,SKU-378-24-2,2,53.44,0.0,106.88000000000001
2019-02-14,638-60-7125,Electronic accessories,SKU-638-60-7,8,99.56,0.0,796.48
2019-01-12,659-36-1684,Sports and travel,SKU-659-36-1,7,57.12,0.0,399.84
2019-03-09,219-22-9386,Sports and travel,SKU-219-22-9,9,99.96,179.928,719.712
2019-03-13,336-78-2147,Home and lifestyle,SKU-336-78-2,8,63.91,0.0,511.28000000000003
2019-03-09,268-27-6179,Fashion accessories,SKU-268-27-6,8,56.47,0.0,451.76
2019-03-10,668-90-8900,Home and lifestyle,SKU-668-90-8,7,93.69,0.0,655.8299999999999
2019-01-27,870-54-3162,Sports and travel,SKU-870-54-3,5,32.25,0.0,161.25
2019-01-08,189-08-9157,Fashion accessories,SKU-189-08-9,9,31.73,0.0,285.57
2019-01-08,663-86-9076,Food and beverages,SKU-663-86-9,8,68.54,0.0,548.3199999999999
2019-02-08,549-84-7482,Sports and travel,SKU-549-84-7,9,90.28,0.0,812.52
2019-01-25,191-10-6171,Fashion accessories,SKU-191-10-6,7,39.62,0.0,277.34
2019-03-06,802-70-5316,Sports and travel,SKU-802-70-5,6,92.13,110.556,442.224
2019-02-10,695-51-0018,Sports and travel,SKU-695-51-0,4,34.84,0.0,139.36
2019-02-17,590-83-4591,Electronic accessories,SKU-590-83-4,6,87.45,0.0,524.6999999999999
2019-03-08,483-71-1164,Health and beauty,SKU-483-71-1,6,81.3,0.0,487.80000000000007
2019-02-18,597-78-7908,Fashion accessories,SKU-597-78-7,3,90.22,0.0,270.65999999999997
2019-01-18,700-81-1757,Electronic accessories,SKU-700-81-1,5,26.31,0.0,131.55
2019-02-18,354-39-5160,Home and lifestyle,SKU-354-39-5,6,34.42,0.0,206.52
2019-02-16,241-72-9525,Sports and travel,SKU-241-72-9,10,51.91,0.0,519.0999999999999
2019-03-16,575-30-8091,Sports and travel,SKU-575-30-8,8,72.5,116.0,464.0
2019-01-23,731-81-9469,Sports and travel,SKU-731-81-9,10,89.8,0.0,898.0
2019-01-25,280-17-4359,Health and beauty,SKU-280-17-4,10,90.5,0.0,905.0
2019-02-05,338-65-2210,Health and beauty,SKU-338-65-2,10,68.6,0.0,686.0
2019-02-22,488-25-4221,Food and beverages,SKU-488-25-4,1,30.41,0.0,30.41
2019-01-21,239-10-7476,Home and lifestyle,SKU-239-10-7,6,77.95,0.0,467.7
2019-03-08,458-41-1477,Health and beauty,SKU-458-41-1,6,46.26,0.0,277.56
2019-02-10,685-64-1609,Fashion accessories,SKU-685-64-1,10,30.14,0.0,301.40000000000003
2019-03-19,568-90-5112,Health and beauty,SKU-568-90-5,4,66.14,0.0,264.56
2019-03-06,262-47-2794,Home and lifestyle,SKU-262-47-2,8,71.86,0.0,574.88
2019-03-27,238-49-0436,Health and beauty,SKU-238-49-0,8,32.46,0.0,259.68
2019-03-23,608-96-3517,Fashion accessories,SKU-608-96-3,4,91.54,0.0,366.16
2019-03-11,584-86-7256,Sports and travel,SKU-584-86-7,7,34.56,48.38400000000001,193.536
2019-01-29,746-94-0204,Fashion accessories,SKU-746-94-0,9,83.24,0.0,749.1600000000001
2019-02-07,214-17-6927,Food and beverages,SKU-214-17-6,6,16.48,0.0,98.88
2019-01-28,400-89-4171,Sports and travel,SKU-400-89-4,8,80.97,0.0,647.76
2019-02-20,782-95-9291,Food and beverages,SKU-782-95-9,5,92.29,0.0,461.45
2019-01-04,279-74-2924,Electronic accessories,SKU-279-74-2,1,72.17,0.0,72.16999999999999
2019-03-07,307-85-2293,Home and lifestyle,SKU-307-85-2,5,50.28,0.0,251.40000000000003
2019-03-30,743-04-1105,Health and beauty,SKU-743-04-1,9,97.22,0.0,874.98
2019-03-27,423-57-2993,Sports and travel,SKU-423-57-2,6,93.39,112.06800000000001,448.27199999999993
2019-01-19,894-41-5205,Food and beverages,SKU-894-41-5,8,43.18,0.0,345.44
2019-02-25,275-28-0149,Sports and travel,SKU-275-28-0,1,63.69,0.0,63.69
2019-03-13,101-17-6199,Food and beverages,SKU-101-17-6,7,45.79,0.0,320.53000000000003
2019-01-30,423-80-0988,Sports and travel,SKU-423-80-0,2,76.4,0.0,152.8
2019-02-20,548-46-9322,Food and beverages,SKU-548-46-9,10,39.9,0.0,399.0
2019-02-25,505-02-0892,Health and beauty,SKU-505-02-0,8,42.57,0.0,340.56
2019-01-16,234-65-2137,Home and lifestyle,SKU-234-65-2,10,95.58,0.0,955.8000000000001
2019-02-08,687-47-8271,Fashion accessories,SKU-687-47-8,10,98.98,0.0,989.8
2019-01-19,796-32-9050,Food and beverages,SKU-796-32-9,6,51.28,0.0,307.68
2019-02-01,105-31-1824,Sports and travel,SKU-105-31-1,7,69.52,0.0,486.64
2019-01-03,249-42-3782,Health and beauty,SKU-249-42-3,5,70.01,0.0,350.05
2019-01-26,316-55-4634,Food and beverages,SKU-316-55-4,5,80.05,0.0,400.25
2019-03-03,733-33-4967,Electronic accessories,SKU-733-33-4,8,20.85,0.0,166.79999999999998
2019-01-19,608-27-6295,Electronic accessories,SKU-608-27-6,6,52.89,0.0,317.34
2019-01-18,414-12-7047,Food and beverages,SKU-414-12-7,8,19.79,0.0,158.32
2019-03-21,827-26-2100,Home and lifestyle,SKU-827-26-2,9,33.84,0.0,304.56
2019-03-03,175-54-2529,Food and beverages,SKU-175-54-2,8,22.17,0.0,177.36
2019-02-13,139-52-2867,Fashion accessories,SKU-139-52-2,7,22.51,0.0,157.57
2019-03-23,407-63-8975,Food and beverages,SKU-407-63-8,6,73.88,0.0,443.28000000000003
2019-01-28,342-65-4817,Health and beauty,SKU-342-65-4,3,86.8,0.0,260.40000000000003
2019-02-09,130-98-8941,Fashion accessories,SKU-130-98-8,7,64.26,0.0,449.82
2019-01-23,434-83-9547,Food and beverages,SKU-434-83-9,8,38.47,0.0,307.76000000000005
2019-03-23,851-28-6367,Sports and travel,SKU-851-28-6,10,15.5,31.0,124.0
2019-01-25,824-88-3614,Health and beauty,SKU-824-88-3,8,34.31,0.0,274.48
2019-03-04,586-25-0848,Sports and travel,SKU-586-25-0,7,12.34,17.276,69.104
2019-03-05,895-66-0685,Food and beverages,SKU-895-66-0,3,18.08,0.0,54.239999999999995
2019-03-03,305-14-0245,Home and lifestyle,SKU-305-14-0,8,94.49,0.0,755.92
2019-02-08,732-04-5373,Home and lifestyle,SKU-732-04-5,4,46.47,0.0,185.88
2019-02-10,400-60-7251,Home and lifestyle,SKU-400-60-7,1,74.07,0.0,74.07
2019-01-28,593-65-1552,Home and lifestyle,SKU-593-65-1,4,69.81,0.0,279.24
2019-02-11,284-34-9626,Home and lifestyle,SKU-284-34-9,3,77.04,0.0,231.11999999999998
2019-01-15,437-58-8131,Fashion accessories,SKU-437-58-8,2,73.52,0.0,147.04
2019-03-16,286-43-6208,Food and beverages,SKU-286-43-6,9,87.8,0.0,790.2
2019-01-26,641-43-2399,Home and lifestyle,SKU-641-43-2,4,25.55,0.0,102.2
2019-03-19,831-07-6050,Electronic accessories,SKU-831-07-6,5,32.71,0.0,163.54999999999998
2019-01-13,556-86-3144,Fashion accessories,SKU-556-86-3,1,74.29,0.0,74.28999999999999
2019-03-26,848-24-9445,Health and beauty,SKU-848-24-9,2,43.7,0.0,87.39999999999999
2019-03-23,856-22-8149,Home and lifestyle,SKU-856-22-8,1,25.29,0.0,25.29
2019-03-12,699-01-4164,Health and beauty,SKU-699-01-4,4,41.5,0.0,166.0
2019-02-17,420-11-4919,Food and beverages,SKU-420-11-4,5,71.39,0.0,356.95
2019-01-29,606-80-4905,Sports and travel,SKU-606-80-4,6,19.15,0.0,114.89999999999999
2019-03-15,542-41-0513,Electronic accessories,SKU-542-41-0,4,57.49,0.0,229.96
2019-01-14,426-39-2418,Electronic accessories,SKU-426-39-2,7,61.41,0.0,429.87
2019-02-06,875-46-5808,Health and beauty,SKU-875-46-5,10,25.9,0.0,259.0
2019-02-15,394-43-4238,Home and lifestyle,SKU-394-43-4,5,17.77,0.0,88.85000000000001
2019-01-03,749-24-1565,Health and beauty,SKU-749-24-1,9,23.03,0.0,207.27
2019-01-04,672-51-8681,Electronic accessories,SKU-672-51-8,9,66.65,0.0,599.85
2019-03-18,263-87-5680,Home and lifestyle,SKU-263-87-5,10,28.53,0.0,285.3
2019-03-28,573-58-9734,Fashion accessories,SKU-573-58-9,3,30.37,0.0,91.11
2019-03-02,817-69-8206,Electronic accessories,SKU-817-69-8,9,99.73,0.0,897.5699999999999
2019-01-25,888-02-0338,Electronic accessories,SKU-888-02-0,9,26.23,0.0,236.07
2019-01-16,677-11-0152,Food and beverages,SKU-677-11-0,9,93.26,0.0,839.34
2019-03-20,142-63-6033,Home and lifestyle,SKU-142-63-6,5,92.36,0.0,461.8
2019-01-04,656-16-1063,Sports and travel,SKU-656-16-1,3,46.42,0.0,139.26000000000002
2019-03-11,891-58-8335,Sports and travel,SKU-891-58-8,7,29.61,41.454,165.81600000000003
2019-03-22,802-43-8934,Home and lifestyle,SKU-802-43-8,1,18.28,0.0,18.279999999999998
2019-03-24,560-30-5617,Sports and travel,SKU-560-30-5,5,24.77,24.77,99.08
2019-02-21,319-74-2561,Electronic accessories,SKU-319-74-2,3,94.64,0.0,283.91999999999996
2019-02-12,549-03-9315,Fashion accessories,SKU-549-03-9,8,94.87,0.0,758.96
2019-03-10,790-29-1172,Food and beverages,SKU-790-29-1,3,57.34,0.0,172.02
2019-01-31,239-36-3640,Electronic accessories,SKU-239-36-3,6,45.35,0.0,272.09999999999997
2019-03-06,468-01-2051,Food and beverages,SKU-468-01-2,7,62.08,0.0,434.56
2019-02-17,389-25-3394,Electronic accessories,SKU-389-25-3,5,11.81,0.0,59.05
2019-02-21,279-62-1445,Fashion accessories,SKU-279-62-1,1,12.54,0.0,12.54
2019-03-20,213-72-6612,Food and beverages,SKU-213-72-6,2,43.25,0.0,86.5
2019-01-11,746-68-6593,Sports and travel,SKU-746-68-6,2,87.16,0.0,174.32
2019-01-26,836-82-5858,Health and beauty,SKU-836-82-5,9,69.37,0.0,624.33
2019-01-31,583-72-1480,Electronic accessories,SKU-583-72-1,4,37.06,0.0,148.23999999999998
2019-02-26,466-61-5506,Electronic accessories,SKU-466-61-5,6,90.7,0.0,544.1999999999999
2019-03-11,721-86-6247,Home and lifestyle,SKU-721-86-6,8,63.42,0.0,507.35999999999996
2019-01-26,289-65-5721,Fashion accessories,SKU-289-65-5,2,81.37,0.0,162.74
2019-03-12,545-46-3100,Electronic accessories,SKU-545-46-3,3,10.59,0.0,31.77
2019-02-11,418-02-5978,Health and beauty,SKU-418-02-5,9,84.09,0.0,756.81
2019-02-21,269-04-5750,Fashion accessories,SKU-269-04-5,4,73.82,0.0,295.28
2019-03-09,157-13-5295,Health and beauty,SKU-157-13-5,10,51.94,0.0,519.4
2019-01-20,645-78-8093,Sports and travel,SKU-645-78-8,2,93.14,0.0,186.28
2019-01-28,211-30-9270,Health and beauty,SKU-211-30-9,5,17.41,0.0,87.05
2019-03-05,755-12-3214,Fashion accessories,SKU-755-12-3,5,44.22,0.0,221.1
2019-03-02,346-84-3103,Electronic accessories,SKU-346-84-3,5,13.22,0.0,66.1
2019-01-11,478-06-7835,Fashion accessories,SKU-478-06-7,1,89.69,0.0,89.69
2019-01-11,540-11-4336,Food and beverages,SKU-540-11-4,9,24.94,0.0,224.45999999999998
2019-03-11,448-81-5016,Health and beauty,SKU-448-81-5,2,59.77,0.0,119.53999999999999
2019-02-28,142-72-4741,Fashion accessories,SKU-142-72-4,2,93.2,0.0,186.4
2019-01-05,217-58-1179,Home and lifestyle,SKU-217-58-1,4,62.65,0.0,250.6
2019-02-02,376-02-8238,Home and lifestyle,SKU-376-02-8,8,93.87,0.0,750.96
2019-01-01,530-90-9855,Home and lifestyle,SKU-530-90-9,8,47.59,0.0,380.71999999999997
2019-02-09,866-05-7563,Electronic accessories,SKU-866-05-7,3,81.4,0.0,244.20000000000002
2019-01-23,604-70-6476,Fashion accessories,SKU-604-70-6,5,17.94,0.0,89.7
2019-01-07,799-71-1548,Electronic accessories,SKU-799-71-1,4,77.72,0.0,310.88
2019-01-14,785-13-7708,Food and beverages,SKU-785-13-7,7,73.06,0.0,511.41999999999996
2019-02-02,845-51-0542,Food and beverages,SKU-845-51-0,9,46.55,0.0,418.95
2019-03-17,662-47-5456,Fashion accessories,SKU-662-47-5,10,35.19,0.0,351.9
2019-03-02,883-17-4236,Sports and travel,SKU-883-17-4,2,14.39,5.756,23.024
2019-03-16,290-68-2984,Home and lifestyle,SKU-290-68-2,4,23.75,0.0,95.0
2019-01-06,704-11-6354,Home and lifestyle,SKU-704-11-6,8,58.9,0.0,471.2
2019-01-29,110-48-7033,Fashion accessories,SKU-110-48-7,4,32.62,0.0,130.48
2019-01-31,366-93-0948,Electronic accessories,SKU-366-93-0,1,66.35,0.0,66.35000000000001
2019-02-05,729-09-9681,Home and lifestyle,SKU-729-09-9,6,25.91,0.0,155.46
2019-02-13,151-16-1484,Electronic accessories,SKU-151-16-1,4,32.25,0.0,129.0
2019-02-07,380-94-4661,Electronic accessories,SKU-380-94-4,4,65.94,0.0,263.76
2019-03-19,850-41-9669,Electronic accessories,SKU-850-41-9,9,75.06,0.0,675.54
2019-03-07,821-07-3596,Fashion accessories,SKU-821-07-3,4,16.45,0.0,65.8
2019-03-13,655-85-5130,Fashion accessories,SKU-655-85-5,4,38.3,0.0,153.20000000000002
2019-02-09,447-15-7839,Sports and travel,SKU-447-15-7,10,22.24,0.0,222.4
2019-02-26,154-74-7179,Sports and travel,SKU-154-74-7,1,54.45,0.0,54.45
2019-03-12,253-12-6086,Sports and travel,SKU-253-12-6,7,98.4,137.76000000000002,551.04
2019-03-14,808-65-0703,Home and lifestyle,SKU-808-65-0,4,35.47,0.0,141.88
2019-01-08,571-94-0759,Food and beverages,SKU-571-94-0,10,74.6,0.0,746.0
2019-01-05,144-51-6085,Home and lifestyle,SKU-144-51-6,4,70.74,0.0,282.96
2019-01-04,731-14-2199,Home and lifestyle,SKU-731-14-2,10,35.54,0.0,355.40000000000003
2019-03-06,783-09-1637,Sports and travel,SKU-783-09-1,5,67.43,67.43,269.71999999999997
2019-01-03,687-15-1097,Health and beauty,SKU-687-15-1,2,21.12,0.0,42.239999999999995
2019-01-07,126-54-1082,Home and lifestyle,SKU-126-54-1,9,21.54,0.0,193.85999999999999
2019-01-27,633-91-1052,Home and lifestyle,SKU-633-91-1,2,12.03,0.0,24.060000000000002
2019-02-26,477-24-6490,Health and beauty,SKU-477-24-6,6,99.71,0.0,598.26
2019-01-07,566-19-5475,Fashion accessories,SKU-566-19-5,7,47.97,0.0,335.79
2019-01-07,526-86-8552,Home and lifestyle,SKU-526-86-8,10,21.82,0.0,218.20000000000002
2019-02-02,376-56-3573,Fashion accessories,SKU-376-56-3,4,95.42,0.0,381.68
2019-03-20,537-72-0426,Fashion accessories,SKU-537-72-0,10,70.99,0.0,709.9
2019-03-20,828-61-5674,Sports and travel,SKU-828-61-5,10,44.02,88.04000000000002,352.16
2019-02-15,136-08-6195,Home and lifestyle,SKU-136-08-6,8,69.96,0.0,559.68
2019-03-06,523-38-0215,Home and lifestyle,SKU-523-38-0,1,37.0,0.0,37.0
2019-01-06,490-29-1201,Sports and travel,SKU-490-29-1,1,15.34,0.0,15.34
2019-03-04,667-92-0055,Health and beauty,SKU-667-92-0,6,99.83,0.0,598.98
2019-03-12,565-17-3836,Health and beauty,SKU-565-17-3,4,47.67,0.0,190.68
2019-02-20,498-41-1961,Health and beauty,SKU-498-41-1,5,66.68,0.0,333.4
2019-03-24,593-95-4461,Home and lifestyle,SKU-593-95-4,1,74.86,0.0,74.86
2019-01-31,226-71-3580,Sports and travel,SKU-226-71-3,9,23.75,0.0,213.75
2019-01-25,283-79-9594,Food and beverages,SKU-283-79-9,7,48.51,0.0,339.57
2019-02-03,430-60-3493,Home and lifestyle,SKU-430-60-3,7,94.88,0.0,664.1600000000001
2019-01-24,139-20-0155,Electronic accessories,SKU-139-20-0,10,40.3,0.0,403.0
2019-03-14,558-80-4082,Electronic accessories,SKU-558-80-4,7,27.85,0.0,194.95
2019-02-18,278-97-7759,Electronic accessories,SKU-278-97-7,1,62.48,0.0,62.48
2019-01-21,316-68-6352,Food and beverages,SKU-316-68-6,2,36.36,0.0,72.72
2019-03-13,585-03-5943,Health and beauty,SKU-585-03-5,10,18.11,0.0,181.1
2019-03-03,211-05-0490,Electronic accessories,SKU-211-05-0,5,51.92,0.0,259.59999999999997
2019-03-29,727-75-6477,Electronic accessories,SKU-727-75-6,4,28.84,0.0,115.36
2019-01-10,744-02-5987,Home and lifestyle,SKU-744-02-5,6,78.38,0.0,470.28
2019-01-25,307-83-9164,Home and lifestyle,SKU-307-83-9,4,60.01,0.0,240.04
2019-01-19,779-06-0012,Home and lifestyle,SKU-779-06-0,1,88.61,0.0,88.61
2019-01-02,446-47-6729,Fashion accessories,SKU-446-47-6,2,99.82,0.0,199.64000000000001
2019-03-12,573-10-3877,Health and beauty,SKU-573-10-3,1,39.01,0.0,39.010000000000005
2019-02-25,735-06-4124,Food and beverages,SKU-735-06-4,1,48.61,0.0,48.61
2019-03-18,439-54-7422,Electronic accessories,SKU-439-54-7,4,51.19,0.0,204.76
2019-02-23,396-90-2219,Electronic accessories,SKU-396-90-2,8,14.96,0.0,119.68
2019-03-26,411-77-0180,Electronic accessories,SKU-411-77-0,7,72.2,0.0,505.4
2019-03-30,286-01-5402,Sports and travel,SKU-286-01-5,7,40.23,56.321999999999996,225.288
2019-02-17,803-17-8013,Home and lifestyle,SKU-803-17-8,8,88.79,0.0,710.32
2019-03-21,512-98-1403,Electronic accessories,SKU-512-98-1,3,26.48,0.0,79.44000000000001
2019-03-05,848-42-2560,Fashion accessories,SKU-848-42-2,2,81.91,0.0,163.82
2019-01-31,532-59-7201,Sports and travel,SKU-532-59-7,6,79.93,0.0,479.58000000000004
2019-02-05,181-94-6432,Fashion accessories,SKU-181-94-6,2,69.33,0.0,138.66
2019-02-01,870-76-1733,Food and beverages,SKU-870-76-1,5,14.23,0.0,71.14999999999999
2019-03-07,423-64-4619,Health and beauty,SKU-423-64-4,9,15.55,0.0,139.95
2019-02-10,227-07-4446,Electronic accessories,SKU-227-07-4,10,78.13,0.0,781.3
2019-02-14,174-36-3675,Food and beverages,SKU-174-36-3,2,99.37,0.0,198.73999999999998
2019-02-09,428-83-5800,Food and beverages,SKU-428-83-5,3,21.08,0.0,63.24
2019-01-10,603-07-0961,Electronic accessories,SKU-603-07-0,5,74.79,0.0,373.95
2019-03-11,704-20-4138,Health and beauty,SKU-704-20-4,7,29.67,0.0,207.69
2019-02-18,787-15-1757,Health and beauty,SKU-787-15-1,4,44.07,0.0,176.28
2019-02-26,649-11-3678,Food and beverages,SKU-649-11-3,9,22.93,0.0,206.37
2019-01-18,622-20-1945,Health and beauty,SKU-622-20-1,1,39.42,0.0,39.42
2019-02-15,372-94-8041,Health and beauty,SKU-372-94-8,6,15.26,0.0,91.56
2019-03-08,563-91-7120,Fashion accessories,SKU-563-91-7,5,61.77,0.0,308.85
2019-01-17,746-54-5508,Home and lifestyle,SKU-746-54-5,6,21.52,0.0,129.12
2019-03-12,276-54-0879,Sports and travel,SKU-276-54-0,4,97.74,78.19200000000001,312.76800000000003
2019-03-09,815-11-1168,Food and beverages,SKU-815-11-1,5,99.78,0.0,498.90000000000003
2019-03-12,719-76-3868,Food and beverages,SKU-719-76-3,4,94.26,0.0,377.04
2019-01-25,730-61-8757,Health and beauty,SKU-730-61-8,4,51.13,0.0,204.52
2019-03-25,340-66-0321,Electronic accessories,SKU-340-66-0,4,36.36,0.0,145.44
2019-02-07,868-81-1752,Home and lifestyle,SKU-868-81-1,9,22.02,0.0,198.18
2019-02-17,634-97-8956,Food and beverages,SKU-634-97-8,3,32.9,0.0,98.7
2019-02-03,566-71-1091,Fashion accessories,SKU-566-71-1,5,77.02,0.0,385.1
2019-03-14,442-48-3607,Food and beverages,SKU-442-48-3,2,23.48,0.0,46.96
2019-03-24,835-16-0096,Sports and travel,SKU-835-16-0,5,14.7,14.700000000000001,58.800000000000004
2019-03-21,527-09-6272,Electronic accessories,SKU-527-09-6,5,28.45,0.0,142.25
2019-03-19,898-04-2717,Fashion accessories,SKU-898-04-2,9,76.4,0.0,687.6
2019-02-24,692-27-8933,Sports and travel,SKU-692-27-8,6,57.95,0.0,347.7
2019-03-28,633-09-3463,Electronic accessories,SKU-633-09-3,3,47.65,0.0,142.95
2019-02-05,374-17-3652,Food and beverages,SKU-374-17-3,9,42.82,0.0,385.38
2019-02-10,378-07-7001,Electronic accessories,SKU-378-07-7,3,48.09,0.0,144.26999999999998
2019-03-05,433-75-6987,Health and beauty,SKU-433-75-6,7,55.97,0.0,391.79
2019-02-15,873-95-4984,Health and beauty,SKU-873-95-4,7,76.9,0.0,538.3000000000001
2019-01-30,416-13-5917,Food and beverages,SKU-416-13-5,5,97.03,0.0,485.15000000000003
2019-02-14,150-89-8043,Sports and travel,SKU-150-89-8,3,44.65,0.0,133.95000000000002
2019-02-27,135-84-8019,Fashion accessories,SKU-135-84-8,9,77.93,0.0,701.37
2019-02-04,441-94-7118,Electronic accessories,SKU-441-94-7,1,71.95,0.0,71.95
2019-01-20,725-96-3778,Home and lifestyle,SKU-725-96-3,8,89.25,0.0,714.0
2019-03-28,531-80-1784,Electronic accessories,SKU-531-80-1,7,26.02,0.0,182.14000000000001
2019-02-27,400-45-1220,Health and beauty,SKU-400-45-1,10,13.5,0.0,135.0
2019-02-15,860-79-0874,Fashion accessories,SKU-860-79-0,10,99.3,0.0,993.0000000000001
2019-01-26,834-61-8124,Electronic accessories,SKU-834-61-8,7,51.69,0.0,361.83
2019-03-14,115-99-4379,Fashion accessories,SKU-115-99-4,7,54.73,0.0,383.10999999999996
2019-03-02,565-67-6697,Home and lifestyle,SKU-565-67-6,9,27.0,0.0,243.0
2019-03-04,320-49-6392,Electronic accessories,SKU-320-49-6,1,30.24,0.0,30.24
2019-01-07,889-04-9723,Food and beverages,SKU-889-04-9,4,89.14,0.0,356.56
2019-03-08,632-90-0281,Fashion accessories,SKU-632-90-0,10,37.55,0.0,375.5
2019-01-09,554-42-2417,Sports and travel,SKU-554-42-2,10,95.44,0.0,954.4
2019-03-01,453-63-6187,Electronic accessories,SKU-453-63-6,3,27.5,0.0,82.5
2019-03-16,578-80-7669,Sports and travel,SKU-578-80-7,1,74.97,14.994,59.976
2019-02-17,612-36-5536,Food and beverages,SKU-612-36-5,8,80.96,0.0,647.68
2019-02-27,605-72-4132,Food and beverages,SKU-605-72-4,8,94.47,0.0,755.76
2019-03-07,471-41-2823,Food and beverages,SKU-471-41-2,2,99.79,0.0,199.57999999999998
2019-01-21,462-67-9126,Home and lifestyle,SKU-462-67-9,6,73.22,0.0,439.32
2019-02-19,272-27-9238,Food and beverages,SKU-272-27-9,4,41.24,0.0,164.96
2019-01-06,834-25-9262,Fashion accessories,SKU-834-25-9,4,81.68,0.0,326.71999999999997
2019-03-14,122-61-9553,Electronic accessories,SKU-122-61-9,9,51.32,0.0,461.88
2019-03-24,468-88-0009,Home and lifestyle,SKU-468-88-0,4,65.94,0.0,263.76
2019-01-27,613-59-9758,Sports and travel,SKU-613-59-9,10,14.36,0.0,143.6
2019-03-06,254-31-0042,Electronic accessories,SKU-254-31-0,9,21.5,0.0,193.5
2019-02-02,201-86-2184,Electronic accessories,SKU-201-86-2,7,26.26,0.0,183.82
2019-01-25,261-12-8671,Fashion accessories,SKU-261-12-8,2,60.96,0.0,121.91999999999999
2019-03-14,730-70-9830,Home and lifestyle,SKU-730-70-9,6,70.11,0.0,420.65999999999997
2019-01-29,382-25-8917,Fashion accessories,SKU-382-25-8,6,42.08,0.0,252.48
2019-01-03,422-29-8786,Home and lifestyle,SKU-422-29-8,5,67.09,0.0,335.45000000000005
2019-01-14,667-23-5919,Fashion accessories,SKU-667-23-5,5,96.7,0.0,483.5
2019-01-05,843-01-4703,Home and lifestyle,SKU-843-01-4,9,35.38,0.0,318.42
2019-02-22,743-88-1662,Sports and travel,SKU-743-88-1,7,95.49,0.0,668.43
2019-02-06,595-86-2894,Fashion accessories,SKU-595-86-2,4,96.98,0.0,387.91999999999996
2019-01-30,182-69-8360,Electronic accessories,SKU-182-69-8,4,23.65,0.0,94.6
2019-01-11,289-15-7034,Sports and travel,SKU-289-15-7,4,82.33,0.0,329.32
2019-03-19,462-78-5240,Electronic accessories,SKU-462-78-5,2,26.61,0.0,53.22
2019-01-14,868-52-7573,Food and beverages,SKU-868-52-7,5,99.69,0.0,498.44999999999993
2019-03-01,153-58-4872,Food and beverages,SKU-153-58-4,4,74.89,0.0,299.56
2019-01-06,662-72-2873,Food and beverages,SKU-662-72-2,5,40.94,0.0,204.7
2019-01-31,525-88-7307,Sports and travel,SKU-525-88-7,1,75.82,0.0,75.82000000000001
2019-03-11,689-16-9784,Food and beverages,SKU-689-16-9,6,46.77,0.0,280.62
2019-02-20,725-56-0833,Health and beauty,SKU-725-56-0,10,32.32,0.0,323.2
2019-01-27,394-41-0748,Fashion accessories,SKU-394-41-0,9,54.07,0.0,486.63
2019-03-10,596-42-3999,Food and beverages,SKU-596-42-3,7,18.22,0.0,127.54
2019-02-15,541-89-9860,Fashion accessories,SKU-541-89-9,3,80.48,0.0,241.44
2019-01-26,173-82-9529,Fashion accessories,SKU-173-82-9,10,37.95,0.0,379.5
2019-02-13,563-36-9814,Electronic accessories,SKU-563-36-9,1,76.82,0.0,76.82000000000001
2019-03-09,308-47-4913,Sports and travel,SKU-308-47-4,10,52.26,104.52000000000001,418.08000000000004
2019-03-06,885-17-6250,Health and beauty,SKU-885-17-6,1,79.74,0.0,79.74000000000001
2019-01-24,726-27-2396,Health and beauty,SKU-726-27-2,5,77.5,0.0,387.5
2019-03-13,316-01-3952,Food and beverages,SKU-316-01-3,5,54.27,0.0,271.35
2019-03-15,760-54-1821,Home and lifestyle,SKU-760-54-1,9,13.59,0.0,122.31
2019-03-05,793-10-3222,Health and beauty,SKU-793-10-3,6,41.06,0.0,246.35999999999999
2019-03-04,346-12-3257,Electronic accessories,SKU-346-12-3,9,19.24,0.0,173.16000000000003
2019-03-25,110-05-6330,Food and beverages,SKU-110-05-6,6,39.43,0.0,236.57999999999998
2019-03-12,651-61-0874,Home and lifestyle,SKU-651-61-0,4,46.22,0.0,184.88
2019-02-04,236-86-3015,Home and lifestyle,SKU-236-86-3,1,13.98,0.0,13.98
2019-02-22,831-64-0259,Fashion accessories,SKU-831-64-0,5,39.75,0.0,198.75
2019-02-16,587-03-7455,Fashion accessories,SKU-587-03-7,7,97.79,0.0,684.53
2019-01-19,882-40-4577,Sports and travel,SKU-882-40-4,4,67.26,0.0,269.04
2019-01-11,732-67-5346,Food and beverages,SKU-732-67-5,5,13.79,0.0,68.94999999999999
2019-01-04,725-32-9708,Fashion accessories,SKU-725-32-9,4,68.71,0.0,274.84
2019-03-04,256-08-8343,Home and lifestyle,SKU-256-08-8,4,56.53,0.0,226.11999999999998
2019-01-28,372-26-1506,Fashion accessories,SKU-372-26-1,5,23.82,0.0,119.10000000000001
2019-01-02,244-08-0162,Health and beauty,SKU-244-08-0,10,34.21,0.0,342.09999999999997
2019-01-25,569-71-4390,Sports and travel,SKU-569-71-4,2,21.87,0.0,43.74
2019-01-04,132-23-6451,Health and beauty,SKU-132-23-6,5,20.97,0.0,104.85
2019-03-10,696-90-2548,Sports and travel,SKU-696-90-2,3,25.84,15.504,62.016
2019-03-22,472-15-9636,Home and lifestyle,SKU-472-15-9,8,50.93,0.0,407.44
2019-01-25,268-03-6164,Health and beauty,SKU-268-03-6,1,96.11,0.0,96.11
2019-01-08,750-57-9686,Home and lifestyle,SKU-750-57-9,4,45.38,0.0,181.52
2019-01-22,186-09-3669,Health and beauty,SKU-186-09-3,1,81.51,0.0,81.50999999999999
2019-01-12,848-07-1692,Health and beauty,SKU-848-07-1,2,57.22,0.0,114.44000000000001
2019-02-04,745-71-3520,Electronic accessories,SKU-745-71-3,7,25.22,0.0,176.54
2019-03-28,266-76-6436,Food and beverages,SKU-266-76-6,3,38.6,0.0,115.8
2019-01-23,740-22-2500,Electronic accessories,SKU-740-22-2,3,84.05,0.0,252.15
2019-02-08,271-88-8734,Fashion accessories,SKU-271-88-8,10,97.21,0.0,972.1
2019-03-19,301-81-8610,Fashion accessories,SKU-301-81-8,8,25.42,0.0,203.35999999999999
2019-03-09,489-64-4354,Fashion accessories,SKU-489-64-4,1,16.28,0.0,16.28
2019-01-02,198-84-7132,Fashion accessories,SKU-198-84-7,9,40.61,0.0,365.49
2019-01-21,269-10-8440,Health and beauty,SKU-269-10-8,7,53.17,0.0,372.19
2019-03-20,650-98-6268,Food and beverages,SKU-650-98-6,3,20.87,0.0,62.61
2019-02-27,741-73-3559,Sports and travel,SKU-741-73-3,5,67.27,0.0,336.35
2019-03-08,325-77-6186,Home and lifestyle,SKU-325-77-6,10,90.65,0.0,906.5
2019-01-31,286-75-7818,Fashion accessories,SKU-286-75-7,2,69.08,0.0,138.16000000000003
2019-03-08,574-57-9721,Food and beverages,SKU-574-57-9,2,43.27,0.0,86.54
2019-01-13,459-50-7686,Electronic accessories,SKU-459-50-7,6,23.46,0.0,140.76
2019-03-09,616-87-0016,Fashion accessories,SKU-616-87-0,7,95.54,0.0,668.7800000000001
2019-02-22,837-55-7229,Fashion accessories,SKU-837-55-7,1,47.44,0.0,47.44
2019-03-19,751-69-0068,Sports and travel,SKU-751-69-0,9,99.24,178.632,714.528
2019-01-20,257-73-1380,Sports and travel,SKU-257-73-1,4,82.93,0.0,331.71999999999997
2019-03-08,345-08-4992,Home and lifestyle,SKU-345-08-4,6,33.99,0.0,203.94
2019-03-08,549-96-4200,Food and beverages,SKU-549-96-4,4,17.04,0.0,68.16
2019-02-07,810-60-6344,Electronic accessories,SKU-810-60-6,8,40.86,0.0,326.88
2019-01-15,450-28-2866,Food and beverages,SKU-450-28-2,5,17.44,0.0,87.2
2019-03-22,394-30-3170,Sports and travel,SKU-394-30-3,8,88.43,141.48800000000003,565.9520000000001
2019-01-15,138-17-5109,Home and lifestyle,SKU-138-17-5,9,89.21,0.0,802.89
2019-01-08,192-98-7397,Fashion accessories,SKU-192-98-7,1,12.78,0.0,12.780000000000001
2019-01-15,301-11-9629,Sports and travel,SKU-301-11-9,7,19.1,0.0,133.7
2019-01-28,390-80-5128,Health and beauty,SKU-390-80-5,1,19.15,0.0,19.150000000000002
2019-02-14,235-46-8343,Food and beverages,SKU-235-46-8,10,27.66,0.0,276.6
2019-03-10,453-12-7053,Fashion accessories,SKU-453-12-7,3,45.74,0.0,137.22
2019-01-12,296-11-7041,Health and beauty,SKU-296-11-7,1,27.07,0.0,27.07
2019-03-26,449-27-2918,Sports and travel,SKU-449-27-2,1,39.12,7.824,31.296
2019-01-01,891-01-7034,Electronic accessories,SKU-891-01-7,6,74.71,0.0,448.26
2019-01-02,744-09-5786,Electronic accessories,SKU-744-09-5,6,22.01,0.0,132.06
2019-03-16,727-17-0390,Food and beverages,SKU-727-17-0,5,63.61,0.0,318.05
2019-03-03,568-88-3448,Health and beauty,SKU-568-88-3,1,25.0,0.0,25.0
2019-01-31,187-83-5490,Electronic accessories,SKU-187-83-5,4,20.77,0.0,83.08
2019-02-13,767-54-1907,Fashion accessories,SKU-767-54-1,5,29.56,0.0,147.8
2019-02-15,710-46-4433,Food and beverages,SKU-710-46-4,9,77.4,0.0,696.5999999999999
2019-02-07,533-33-5337,Electronic accessories,SKU-533-33-5,10,79.39,0.0,793.9
2019-01-27,325-90-8763,Electronic accessories,SKU-325-90-8,10,46.57,0.0,465.7
2019-02-23,729-46-7422,Food and beverages,SKU-729-46-7,1,35.89,0.0,35.89
2019-02-03,639-76-1242,Food and beverages,SKU-639-76-1,5,40.52,0.0,202.6
2019-03-03,234-03-4040,Food and beverages,SKU-234-03-4,10,73.05,0.0,730.5
2019-02-03,326-71-2155,Sports and travel,SKU-326-71-2,4,73.95,0.0,295.79999999999995
2019-03-17,320-32-8842,Food and beverages,SKU-320-32-8,1,22.62,0.0,22.62
2019-03-28,470-32-9057,Food and beverages,SKU-470-32-9,5,51.34,0.0,256.70000000000005
2019-03-02,878-30-2331,Sports and travel,SKU-878-30-2,10,54.55,109.10000000000001,436.40000000000003
2019-02-08,440-59-5691,Health and beauty,SKU-440-59-5,7,37.15,0.0,260.05
2019-03-22,554-53-3790,Sports and travel,SKU-554-53-3,6,37.02,44.42400000000001,177.69600000000003
2019-02-09,746-19-0921,Food and beverages,SKU-746-19-0,1,21.58,0.0,21.58
2019-02-15,233-34-0817,Electronic accessories,SKU-233-34-0,1,98.84,0.0,98.84
2019-01-23,767-05-1286,Home and lifestyle,SKU-767-05-1,6,83.77,0.0,502.62
2019-01-25,340-21-9136,Sports and travel,SKU-340-21-9,4,40.05,0.0,160.20000000000002
2019-02-02,405-31-3305,Fashion accessories,SKU-405-31-3,10,43.13,0.0,431.3
2019-03-30,731-59-7531,Health and beauty,SKU-731-59-7,8,72.57,0.0,580.56
2019-03-30,676-39-6028,Electronic accessories,SKU-676-39-6,5,64.44,0.0,322.2
2019-02-25,502-05-1910,Health and beauty,SKU-502-05-1,3,65.18,0.0,195.54000000000002
2019-03-18,485-30-8700,Sports and travel,SKU-485-30-8,5,33.26,33.26,133.04000000000002
2019-03-07,598-47-9715,Electronic accessories,SKU-598-47-9,4,84.07,0.0,336.28
2019-03-16,701-69-8742,Sports and travel,SKU-701-69-8,10,34.37,68.74,274.96
2019-01-29,575-67-1508,Electronic accessories,SKU-575-67-1,1,38.6,0.0,38.6
2019-02-02,541-08-3113,Food and beverages,SKU-541-08-3,8,65.97,0.0,527.76
2019-02-15,246-11-3901,Electronic accessories,SKU-246-11-3,10,32.8,0.0,328.0
2019-01-08,674-15-9296,Sports and travel,SKU-674-15-9,5,37.14,0.0,185.70000000000002
2019-02-12,305-18-3552,Home and lifestyle,SKU-305-18-3,10,60.38,0.0,603.8
2019-01-01,493-65-6248,Sports and travel,SKU-493-65-6,10,36.98,0.0,369.8
2019-03-21,438-01-4015,Sports and travel,SKU-438-01-4,4,49.49,39.592000000000006,158.36800000000002
2019-02-28,709-58-4068,Fashion accessories,SKU-709-58-4,10,41.09,0.0,410.9
2019-03-23,795-49-7276,Fashion accessories,SKU-795-49-7,4,37.15,0.0,148.6
2019-01-30,556-72-8512,Home and lifestyle,SKU-556-72-8,1,22.96,0.0,22.96
2019-02-04,627-95-3243,Home and lifestyle,SKU-627-95-3,9,77.68,0.0,699.12
2019-03-13,686-41-0932,Fashion accessories,SKU-686-41-0,2,34.7,0.0,69.4
2019-03-15,510-09-5628,Fashion accessories,SKU-510-09-5,10,19.66,0.0,196.6
2019-03-05,608-04-3797,Health and beauty,SKU-608-04-3,8,25.32,0.0,202.56
2019-03-05,148-82-2527,Home and lifestyle,SKU-148-82-2,10,12.12,0.0,121.2
2019-02-26,437-53-3084,Fashion accessories,SKU-437-53-3,2,99.89,0.0,199.78
2019-03-20,632-32-4574,Sports and travel,SKU-632-32-4,8,75.92,121.47200000000001,485.8879999999999
2019-01-01,556-97-7101,Electronic accessories,SKU-556-97-7,2,63.22,0.0,126.44
2019-01-27,862-59-8517,Food and beverages,SKU-862-59-8,6,90.24,0.0,541.4399999999999
2019-01-21,401-18-8016,Sports and travel,SKU-401-18-8,1,98.13,0.0,98.13000000000001
2019-02-02,420-18-8989,Sports and travel,SKU-420-18-8,8,51.52,0.0,412.15999999999997
2019-02-03,277-63-2961,Sports and travel,SKU-277-63-2,1,73.97,0.0,73.97
2019-01-05,573-98-8548,Fashion accessories,SKU-573-98-8,1,31.9,0.0,31.9
2019-01-27,620-02-2046,Home and lifestyle,SKU-620-02-2,2,69.4,0.0,138.8
2019-03-25,282-35-2475,Sports and travel,SKU-282-35-2,2,93.31,37.324000000000005,149.29600000000002
2019-02-25,511-54-3087,Sports and travel,SKU-511-54-3,1,88.45,0.0,88.45
2019-01-28,726-29-6793,Electronic accessories,SKU-726-29-6,8,24.18,0.0,193.44
2019-01-08,387-49-4215,Sports and travel,SKU-387-49-4,3,48.5,0.0,145.5
2019-01-29,862-17-9201,Food and beverages,SKU-862-17-9,6,84.05,0.0,504.3
2019-03-29,291-21-5991,Health and beauty,SKU-291-21-5,5,61.29,0.0,306.45
2019-02-09,602-80-9671,Home and lifestyle,SKU-602-80-9,6,15.95,0.0,95.7
2019-01-16,347-72-6115,Sports and travel,SKU-347-72-6,7,90.74,0.0,635.18
2019-01-05,209-61-0206,Home and lifestyle,SKU-209-61-0,5,42.91,0.0,214.55
2019-01-27,595-27-4851,Fashion accessories,SKU-595-27-4,7,54.28,0.0,379.96000000000004
2019-03-14,189-52-0236,Electronic accessories,SKU-189-52-0,7,99.55,0.0,696.85
2019-02-23,503-07-0930,Sports and travel,SKU-503-07-0,7,58.39,0.0,408.72999999999996
2019-03-18,413-20-6708,Fashion accessories,SKU-413-20-6,1,51.47,0.0,51.47
2019-03-29,425-85-2085,Health and beauty,SKU-425-85-2,5,54.86,0.0,274.3
2019-01-22,521-18-7827,Home and lifestyle,SKU-521-18-7,5,39.39,0.0,196.95000000000002
2019-03-01,220-28-1851,Home and lifestyle,SKU-220-28-1,2,34.73,0.0,69.46000000000001
2019-01-17,600-38-9738,Sports and travel,SKU-600-38-9,5,71.92,0.0,359.59999999999997
2019-03-26,734-91-1155,Electronic accessories,SKU-734-91-1,3,45.71,0.0,137.13
2019-03-20,451-28-5717,Home and lifestyle,SKU-451-28-5,6,83.17,0.0,499.02
2019-02-06,609-81-8548,Home and lifestyle,SKU-609-81-8,6,37.44,0.0,224.64000000000001
2019-01-01,133-14-7229,Health and beauty,SKU-133-14-7,2,62.87,0.0,125.73999999999998
2019-01-27,534-01-4457,Food and beverages,SKU-534-01-4,6,81.71,0.0,490.26000000000005
2019-02-25,719-89-8991,Sports and travel,SKU-719-89-8,5,91.41,0.0,457.04999999999995
2019-01-16,286-62-6248,Fashion accessories,SKU-286-62-6,4,39.21,0.0,156.83999999999997
2019-01-13,339-38-9982,Fashion accessories,SKU-339-38-9,2,59.86,0.0,119.72
2019-02-07,827-44-5872,Food and beverages,SKU-827-44-5,10,54.36,0.0,543.6
2019-02-17,827-77-7633,Sports and travel,SKU-827-77-7,9,98.09,0.0,882.8100000000001
2019-02-12,287-83-1405,Health and beauty,SKU-287-83-1,6,25.43,0.0,152.58
2019-01-24,435-13-4908,Fashion accessories,SKU-435-13-4,8,86.68,0.0,693.4399999999999
2019-02-06,857-67-9057,Electronic accessories,SKU-857-67-9,10,22.95,0.0,229.5
2019-03-26,236-27-1144,Food and beverages,SKU-236-27-1,9,16.31,0.0,146.79000000000002
2019-03-11,892-05-6689,Home and lifestyle,SKU-892-05-6,5,28.32,0.0,141.6
2019-02-07,583-41-4548,Home and lifestyle,SKU-583-41-4,7,16.67,0.0,116.69
2019-01-05,339-12-4827,Fashion accessories,SKU-339-12-4,1,73.96,0.0,73.96000000000001
2019-03-07,643-38-7867,Home and lifestyle,SKU-643-38-7,1,97.94,0.0,97.94
2019-02-25,308-81-0538,Fashion accessories,SKU-308-81-0,4,73.05,0.0,292.2
2019-02-01,358-88-9262,Food and beverages,SKU-358-88-9,6,87.48,0.0,524.88
2019-01-22,460-35-4390,Home and lifestyle,SKU-460-35-4,3,30.68,0.0,92.03999999999999
2019-01-03,343-87-0864,Health and beauty,SKU-343-87-0,1,75.88,0.0,75.88000000000001
2019-02-13,173-50-1108,Sports and travel,SKU-173-50-1,4,20.18,0.0,80.72
2019-01-28,243-47-2663,Electronic accessories,SKU-243-47-2,6,18.77,0.0,112.62
2019-01-05,841-18-8232,Food and beverages,SKU-841-18-8,1,71.2,0.0,71.2
2019-03-19,701-23-5550,Home and lifestyle,SKU-701-23-5,4,38.81,0.0,155.24
2019-01-12,647-50-1224,Fashion accessories,SKU-647-50-1,10,29.42,0.0,294.20000000000005
2019-01-07,541-48-8554,Sports and travel,SKU-541-48-8,9,60.95,0.0,548.55
2019-01-26,539-21-7227,Sports and travel,SKU-539-21-7,5,51.54,0.0,257.7
2019-01-23,213-32-1216,Electronic accessories,SKU-213-32-1,6,66.06,0.0,396.36
2019-02-09,747-58-7183,Fashion accessories,SKU-747-58-7,3,57.27,0.0,171.81
2019-02-22,582-52-8065,Fashion accessories,SKU-582-52-8,9,54.31,0.0,488.79
2019-02-05,210-57-1719,Health and beauty,SKU-210-57-1,9,58.24,0.0,524.1600000000001
2019-03-07,399-69-4630,Electronic accessories,SKU-399-69-4,6,22.21,0.0,133.26
2019-03-25,134-75-2619,Electronic accessories,SKU-134-75-2,7,19.32,0.0,135.24
2019-01-20,356-44-8813,Home and lifestyle,SKU-356-44-8,3,37.48,0.0,112.44
2019-02-04,198-66-9832,Fashion accessories,SKU-198-66-9,2,72.04,0.0,144.07999999999998
2019-01-30,283-26-5248,Food and beverages,SKU-283-26-5,10,98.52,0.0,985.2
2019-01-02,712-39-0363,Food and beverages,SKU-712-39-0,6,41.66,0.0,249.96000000000004
2019-03-29,218-59-9410,Home and lifestyle,SKU-218-59-9,3,72.42,0.0,217.26
2019-03-14,174-75-0888,Electronic accessories,SKU-174-75-0,9,21.58,0.0,194.22
2019-02-11,866-99-7614,Food and beverages,SKU-866-99-7,10,89.2,0.0,892.0
2019-01-30,134-54-4720,Electronic accessories,SKU-134-54-4,8,42.42,0.0,339.35999999999996
2019-03-20,760-90-2357,Electronic accessories,SKU-760-90-2,6,74.51,0.0,447.06
2019-03-20,514-37-2845,Fashion accessories,SKU-514-37-2,2,99.25,0.0,198.5
2019-01-17,698-98-5964,Food and beverages,SKU-698-98-5,10,81.21,0.0,812.1
2019-02-03,718-57-9773,Sports and travel,SKU-718-57-9,10,49.33,0.0,493.3
2019-01-01,651-88-7328,Fashion accessories,SKU-651-88-7,9,65.74,0.0,591.6600000000001
2019-01-10,241-11-2261,Fashion accessories,SKU-241-11-2,7,79.86,0.0,559.02
2019-03-02,408-26-9866,Sports and travel,SKU-408-26-9,7,73.98,103.572,414.288
2019-02-25,834-83-1826,Home and lifestyle,SKU-834-83-1,5,82.04,0.0,410.2
2019-01-29,343-61-3544,Sports and travel,SKU-343-61-3,10,26.67,0.0,266.70000000000005
2019-03-10,239-48-4278,Food and beverages,SKU-239-48-4,7,10.13,0.0,70.91
2019-01-13,355-34-6244,Food and beverages,SKU-355-34-6,2,72.39,0.0,144.78
2019-03-22,550-84-8664,Sports and travel,SKU-550-84-8,5,85.91,85.91,343.64
2019-03-01,339-96-8318,Fashion accessories,SKU-339-96-8,7,81.31,0.0,569.1700000000001
2019-02-20,458-61-0011,Food and beverages,SKU-458-61-0,4,60.3,0.0,241.2
2019-01-14,592-34-6155,Food and beverages,SKU-592-34-6,4,31.77,0.0,127.08
2019-03-26,797-88-0493,Health and beauty,SKU-797-88-0,4,64.27,0.0,257.08000000000004
2019-03-01,207-73-1363,Health and beauty,SKU-207-73-1,2,69.51,0.0,139.02
2019-01-07,390-31-6381,Food and beverages,SKU-390-31-6,3,27.22,0.0,81.66
2019-02-01,443-82-0585,Health and beauty,SKU-443-82-0,4,77.68,0.0,310.71999999999997
2019-02-13,339-18-7061,Fashion accessories,SKU-339-18-7,2,92.98,0.0,185.96
2019-01-14,359-90-3665,Fashion accessories,SKU-359-90-3,4,18.08,0.0,72.32000000000001
2019-01-19,375-72-3056,Sports and travel,SKU-375-72-3,3,63.06,0.0,189.18
2019-03-09,127-47-6963,Health and beauty,SKU-127-47-6,4,51.71,0.0,206.83999999999997
2019-03-27,278-86-2735,Food and beverages,SKU-278-86-2,3,52.34,0.0,157.02
2019-02-04,695-28-6250,Sports and travel,SKU-695-28-6,5,43.06,0.0,215.3
2019-03-14,379-17-6588,Fashion accessories,SKU-379-17-6,10,59.61,0.0,596.1
2019-03-04,227-50-3718,Health and beauty,SKU-227-50-3,5,14.62,0.0,73.1
2019-03-03,302-15-2162,Health and beauty,SKU-302-15-2,6,46.53,0.0,279.18
2019-01-27,788-07-8452,Home and lifestyle,SKU-788-07-8,7,24.24,0.0,169.67999999999998
2019-02-07,560-49-6611,Sports and travel,SKU-560-49-6,1,45.58,0.0,45.58
2019-02-05,880-35-0356,Sports and travel,SKU-880-35-0,3,75.2,0.0,225.6
2019-03-15,585-11-6748,Sports and travel,SKU-585-11-6,3,96.8,58.08,232.32000000000005
2019-03-01,470-31-3286,Health and beauty,SKU-470-31-3,3,14.82,0.0,44.46
2019-02-15,152-68-2907,Food and beverages,SKU-152-68-2,3,52.2,0.0,156.6
2019-02-17,123-35-4896,Sports and travel,SKU-123-35-4,9,46.66,0.0,419.94
2019-01-26,258-69-7810,Fashion accessories,SKU-258-69-7,5,36.85,0.0,184.25
2019-03-24,334-64-2006,Home and lifestyle,SKU-334-64-2,2,70.32,0.0,140.64
2019-01-23,219-61-4139,Electronic accessories,SKU-219-61-4,1,83.08,0.0,83.08
2019-01-26,881-41-7302,Fashion accessories,SKU-881-41-7,1,64.99,0.0,64.99000000000001
2019-03-14,373-09-4567,Food and beverages,SKU-373-09-4,10,77.56,0.0,775.6
2019-03-17,642-30-6693,Sports and travel,SKU-642-30-6,6,54.51,65.412,261.648
2019-01-08,484-22-8230,Fashion accessories,SKU-484-22-8,7,51.89,0.0,363.23
2019-02-08,830-58-2383,Home and lifestyle,SKU-830-58-2,4,31.75,0.0,127.0
2019-02-10,559-98-9873,Fashion accessories,SKU-559-98-9,7,53.65,0.0,375.55
2019-03-28,544-32-5024,Food and beverages,SKU-544-32-5,4,49.79,0.0,199.16
2019-01-23,318-12-0304,Fashion accessories,SKU-318-12-0,1,30.61,0.0,30.610000000000003
2019-01-17,349-97-8902,Food and beverages,SKU-349-97-8,2,57.89,0.0,115.78
2019-02-07,421-95-9805,Electronic accessories,SKU-421-95-9,1,28.96,0.0,28.96
2019-03-09,277-35-5865,Food and beverages,SKU-277-35-5,9,98.97,0.0,890.7299999999999
2019-01-24,789-23-8625,Fashion accessories,SKU-789-23-8,3,93.22,0.0,279.65999999999997
2019-01-19,284-54-4231,Sports and travel,SKU-284-54-4,1,80.93,0.0,80.93
2019-02-03,443-59-0061,Food and beverages,SKU-443-59-0,10,67.45,0.0,674.5
2019-03-20,509-29-3912,Sports and travel,SKU-509-29-3,9,38.72,69.69600000000001,278.78400000000005
2019-01-13,327-40-9673,Sports and travel,SKU-327-40-9,6,72.6,0.0,435.6
2019-03-14,840-19-2096,Electronic accessories,SKU-840-19-2,5,87.91,0.0,439.54999999999995
2019-01-23,828-46-6863,Food and beverages,SKU-828-46-6,6,98.53,0.0,591.1800000000001
2019-02-07,641-96-3695,Fashion accessories,SKU-641-96-3,6,43.46,0.0,260.76
2019-03-28,420-97-3340,Food and beverages,SKU-420-97-3,3,71.68,0.0,215.04
2019-03-20,436-54-4512,Food and beverages,SKU-436-54-4,1,91.61,0.0,91.61
2019-01-17,670-79-6321,Home and lifestyle,SKU-670-79-6,7,94.59,0.0,662.13
2019-01-12,852-62-7105,Fashion accessories,SKU-852-62-7,10,83.25,0.0,832.5
2019-02-16,598-06-7312,Fashion accessories,SKU-598-06-7,1,91.35,0.0,91.35000000000001
2019-01-26,135-13-8269,Food and beverages,SKU-135-13-8,2,78.88,0.0,157.76
2019-03-09,816-57-2053,Sports and travel,SKU-816-57-2,2,60.87,24.348,97.392
2019-03-14,628-90-8624,Health and beauty,SKU-628-90-8,10,82.58,0.0,825.8000000000001
2019-01-25,856-66-2701,Home and lifestyle,SKU-856-66-2,3,53.3,0.0,159.9
2019-01-26,308-39-1707,Fashion accessories,SKU-308-39-1,1,12.09,0.0,12.09
2019-01-19,149-61-1929,Sports and travel,SKU-149-61-1,10,64.19,0.0,641.9
2019-03-05,655-07-2265,Electronic accessories,SKU-655-07-2,3,78.31,0.0,234.93
2019-01-15,589-02-8023,Food and beverages,SKU-589-02-8,2,83.77,0.0,167.54
2019-03-18,420-04-7590,Home and lifestyle,SKU-420-04-7,3,99.7,0.0,299.1
2019-03-20,182-88-2763,Food and beverages,SKU-182-88-2,3,79.91,0.0,239.73
2019-01-15,188-55-0967,Health and beauty,SKU-188-55-0,10,66.47,0.0,664.6999999999999
2019-03-03,610-46-4100,Health and beauty,SKU-610-46-4,7,28.95,0.0,202.65
2019-03-19,318-81-2368,Electronic accessories,SKU-318-81-2,1,46.2,0.0,46.199999999999996
2019-03-08,364-33-8584,Food and beverages,SKU-364-33-8,5,17.63,0.0,88.15
2019-02-27,665-63-9737,Fashion accessories,SKU-665-63-9,3,52.42,0.0,157.26
2019-02-23,695-09-5146,Food and beverages,SKU-695-09-5,3,98.79,0.0,296.37
2019-03-19,155-45-3814,Electronic accessories,SKU-155-45-3,8,88.55,0.0,708.4000000000001
2019-03-27,794-32-2436,Electronic accessories,SKU-794-32-2,2,55.67,0.0,111.34
2019-03-30,131-15-8856,Food and beverages,SKU-131-15-8,8,72.52,0.0,580.16
2019-02-16,273-84-2164,Electronic accessories,SKU-273-84-2,5,12.05,0.0,60.25
2019-01-18,706-36-6154,Home and lifestyle,SKU-706-36-6,9,19.36,0.0,174.24
2019-03-30,778-89-7974,Health and beauty,SKU-778-89-7,6,70.21,0.0,421.26
2019-03-20,574-31-8277,Fashion accessories,SKU-574-31-8,1,33.63,0.0,33.63
2019-01-16,859-71-0933,Sports and travel,SKU-859-71-0,2,15.49,0.0,30.980000000000004
2019-02-24,740-11-5257,Electronic accessories,SKU-740-11-5,10,24.74,0.0,247.39999999999998
2019-01-15,369-82-2676,Electronic accessories,SKU-369-82-2,5,75.66,0.0,378.29999999999995
2019-01-22,563-47-4072,Health and beauty,SKU-563-47-4,6,55.81,0.0,334.86
2019-02-03,742-04-5161,Home and lifestyle,SKU-742-04-5,10,72.78,0.0,727.8000000000001
2019-03-06,149-15-7606,Sports and travel,SKU-149-15-7,9,37.32,67.176,268.704
2019-02-16,133-77-3154,Fashion accessories,SKU-133-77-3,4,60.18,0.0,240.72
2019-03-14,169-52-4504,Electronic accessories,SKU-169-52-4,3,15.69,0.0,47.07
2019-02-27,250-81-7186,Electronic accessories,SKU-250-81-7,1,99.69,0.0,99.69
2019-01-18,562-12-5430,Fashion accessories,SKU-562-12-5,3,88.15,0.0,264.45
2019-01-29,816-72-8853,Sports and travel,SKU-816-72-8,5,27.93,0.0,139.65
2019-02-26,491-38-3499,Fashion accessories,SKU-491-38-3,1,55.45,0.0,55.449999999999996
2019-02-03,322-02-2271,Sports and travel,SKU-322-02-2,3,42.97,0.0,128.91
2019-01-16,842-29-4695,Sports and travel,SKU-842-29-4,7,17.14,0.0,119.98
2019-03-24,725-67-2480,Fashion accessories,SKU-725-67-2,6,58.75,0.0,352.5
2019-02-12,641-51-2661,Food and beverages,SKU-641-51-2,10,87.1,0.0,871.0
2019-02-21,714-02-3114,Sports and travel,SKU-714-02-3,2,98.8,0.0,197.6
2019-02-04,518-17-2983,Fashion accessories,SKU-518-17-2,4,48.63,0.0,194.52
2019-02-20,779-42-2410,Food and beverages,SKU-779-42-2,3,57.74,0.0,173.22
2019-02-23,190-14-3147,Health and beauty,SKU-190-14-3,4,17.97,0.0,71.88000000000001
2019-02-16,408-66-6712,Health and beauty,SKU-408-66-6,6,47.71,0.0,286.26
2019-01-17,679-22-6530,Sports and travel,SKU-679-22-6,2,40.62,0.0,81.24000000000001
2019-01-14,588-47-8641,Fashion accessories,SKU-588-47-8,10,56.04,0.0,560.4
2019-03-30,642-61-4706,Food and beverages,SKU-642-61-4,2,93.4,0.0,186.79999999999998
2019-03-02,576-31-4774,Health and beauty,SKU-576-31-4,3,73.41,0.0,220.23
2019-02-15,556-41-6224,Health and beauty,SKU-556-41-6,8,33.64,0.0,269.12
2019-03-01,811-03-8790,Electronic accessories,SKU-811-03-8,10,45.48,0.0,454.8
2019-02-24,242-11-3142,Fashion accessories,SKU-242-11-3,2,83.77,0.0,167.54
2019-02-19,752-23-3760,Sports and travel,SKU-752-23-3,7,64.08,0.0,448.56
2019-02-23,274-05-5470,Food and beverages,SKU-274-05-5,4,73.47,0.0,293.88
2019-02-07,648-94-3045,Health and beauty,SKU-648-94-3,10,58.95,0.0,589.5
2019-01-11,130-67-4723,Food and beverages,SKU-130-67-4,6,48.5,0.0,291.0
2019-02-12,528-87-5606,Electronic accessories,SKU-528-87-5,1,39.48,0.0,39.480000000000004
2019-01-14,320-85-2052,Sports and travel,SKU-320-85-2,1,34.81,0.0,34.81
2019-01-09,370-96-0655,Fashion accessories,SKU-370-96-0,6,49.32,0.0,295.92
2019-02-27,105-10-6182,Fashion accessories,SKU-105-10-6,2,21.48,0.0,42.959999999999994
2019-01-24,510-79-0415,Sports and travel,SKU-510-79-0,6,23.08,0.0,138.48
2019-01-08,241-96-5076,Home and lifestyle,SKU-241-96-5,2,49.1,0.0,98.2
2019-01-08,767-97-4650,Sports and travel,SKU-767-97-4,2,64.83,0.0,129.66
2019-01-16,648-83-1321,Home and lifestyle,SKU-648-83-1,10,63.56,0.0,635.6
2019-03-13,173-57-2300,Sports and travel,SKU-173-57-2,2,72.88,29.152,116.608
2019-02-15,305-03-2383,Food and beverages,SKU-305-03-2,3,67.1,0.0,201.3
2019-01-25,394-55-6384,Sports and travel,SKU-394-55-6,9,70.19,0.0,631.7099999999999
2019-03-12,266-20-6657,Food and beverages,SKU-266-20-6,7,55.04,0.0,385.28
2019-03-04,689-05-1884,Health and beauty,SKU-689-05-1,10,48.63,0.0,486.3
2019-02-10,196-01-2849,Fashion accessories,SKU-196-01-2,7,73.38,0.0,513.66
2019-01-16,372-62-5264,Food and beverages,SKU-372-62-5,9,52.6,0.0,473.4
2019-01-29,800-09-8606,Home and lifestyle,SKU-800-09-8,5,87.37,0.0,436.85
2019-01-01,182-52-7000,Sports and travel,SKU-182-52-7,4,27.04,0.0,108.16
2019-01-06,826-58-8051,Home and lifestyle,SKU-826-58-8,4,62.19,0.0,248.76
2019-02-19,868-06-0466,Electronic accessories,SKU-868-06-0,9,69.58,0.0,626.2199999999999
2019-01-12,751-41-9720,Home and lifestyle,SKU-751-41-9,10,97.5,0.0,975.0
2019-02-07,626-43-7888,Fashion accessories,SKU-626-43-7,8,60.41,0.0,483.28000000000003
2019-03-27,176-64-7711,Food and beverages,SKU-176-64-7,3,32.32,0.0,96.96000000000001
2019-02-27,191-29-0321,Fashion accessories,SKU-191-29-0,10,19.77,0.0,197.70000000000002
2019-01-06,729-06-2010,Health and beauty,SKU-729-06-2,9,80.47,0.0,724.23
2019-03-02,640-48-5028,Home and lifestyle,SKU-640-48-5,9,88.39,0.0,795.51
2019-03-29,186-79-9562,Health and beauty,SKU-186-79-9,7,71.77,0.0,502.39
2019-01-31,834-45-5519,Electronic accessories,SKU-834-45-5,4,43.0,0.0,172.0
2019-01-21,162-65-8559,Food and beverages,SKU-162-65-8,1,68.98,0.0,68.98
2019-01-20,760-27-5490,Fashion accessories,SKU-760-27-5,8,15.62,0.0,124.96
2019-01-17,445-30-9252,Sports and travel,SKU-445-30-9,3,25.7,0.0,77.1
2019-02-28,786-94-2700,Food and beverages,SKU-786-94-2,6,80.62,0.0,483.72
2019-03-19,728-88-7867,Home and lifestyle,SKU-728-88-7,4,75.53,0.0,302.12
2019-02-19,183-21-3799,Electronic accessories,SKU-183-21-3,9,77.63,0.0,698.6700000000001
2019-02-04,268-20-3585,Health and beauty,SKU-268-20-3,9,13.85,0.0,124.64999999999999
2019-01-31,735-32-9839,Fashion accessories,SKU-735-32-9,8,98.7,0.0,789.6
2019-02-06,258-92-7466,Health and beauty,SKU-258-92-7,5,35.68,0.0,178.4
2019-03-28,857-16-3520,Fashion accessories,SKU-857-16-3,7,71.46,0.0,500.21999999999997
2019-01-19,482-17-1179,Electronic accessories,SKU-482-17-1,3,11.94,0.0,35.82
2019-02-17,788-21-5741,Fashion accessories,SKU-788-21-5,3,45.38,0.0,136.14000000000001
2019-01-18,821-14-9046,Fashion accessories,SKU-821-14-9,6,17.48,0.0,104.88
2019-02-02,418-05-0656,Fashion accessories,SKU-418-05-0,7,25.56,0.0,178.92000000000002
2019-01-18,678-79-0726,Sports and travel,SKU-678-79-0,9,90.63,0.0,815.67
2019-03-18,776-68-1096,Home and lifestyle,SKU-776-68-1,3,44.12,0.0,132.36
2019-01-11,592-46-1692,Food and beverages,SKU-592-46-1,7,36.77,0.0,257.39
2019-02-04,434-35-9162,Food and beverages,SKU-434-35-9,4,23.34,0.0,93.36
2019-02-06,149-14-0304,Health and beauty,SKU-149-14-0,8,28.5,0.0,228.0
2019-01-08,442-44-6497,Home and lifestyle,SKU-442-44-6,3,55.57,0.0,166.71
2019-03-05,174-64-0215,Sports and travel,SKU-174-64-0,10,69.74,139.48,557.92
2019-03-16,210-74-9613,Fashion accessories,SKU-210-74-9,4,97.26,0.0,389.04
2019-03-09,299-29-0180,Home and lifestyle,SKU-299-29-0,7,52.18,0.0,365.26000000000005
2019-03-01,247-11-2470,Fashion accessories,SKU-247-11-2,4,22.32,0.0,89.28
2019-02-28,635-28-5728,Health and beauty,SKU-635-28-5,3,56.0,0.0,168.0
2019-02-08,756-49-0168,Fashion accessories,SKU-756-49-0,1,19.7,0.0,19.7
2019-01-24,438-23-1242,Electronic accessories,SKU-438-23-1,7,75.88,0.0,531.16
2019-03-01,238-45-6950,Food and beverages,SKU-238-45-6,1,53.72,0.0,53.72
2019-03-10,607-65-2441,Health and beauty,SKU-607-65-2,10,81.95,0.0,819.5
2019-03-23,386-27-7606,Home and lifestyle,SKU-386-27-7,7,81.2,0.0,568.4000000000001
2019-01-29,137-63-5492,Electronic accessories,SKU-137-63-5,10,58.76,0.0,587.6
2019-01-12,197-77-7132,Electronic accessories,SKU-197-77-7,8,91.56,0.0,732.48
2019-03-20,805-86-0265,Home and lifestyle,SKU-805-86-0,9,93.96,0.0,845.64
2019-03-23,733-29-1227,Home and lifestyle,SKU-733-29-1,7,55.61,0.0,389.27
2019-01-14,451-73-2711,Food and beverages,SKU-451-73-2,1,84.83,0.0,84.83
2019-02-12,373-14-0504,Sports and travel,SKU-373-14-0,2,71.63,0.0,143.26
2019-02-20,546-80-2899,Home and lifestyle,SKU-546-80-2,2,37.69,0.0,75.38
2019-01-02,345-68-9016,Sports and travel,SKU-345-68-9,8,31.67,0.0,253.36
2019-02-02,390-17-5806,Food and beverages,SKU-390-17-5,1,38.42,0.0,38.42
2019-01-08,457-13-1708,Fashion accessories,SKU-457-13-1,10,65.23,0.0,652.3
2019-01-30,664-14-2882,Home and lifestyle,SKU-664-14-2,5,10.53,0.0,52.65
2019-03-26,487-79-6868,Home and lifestyle,SKU-487-79-6,9,12.29,0.0,110.61
2019-01-15,314-23-4520,Health and beauty,SKU-314-23-4,7,81.23,0.0,568.6099999999999
2019-03-14,210-30-7976,Fashion accessories,SKU-210-30-7,4,22.32,0.0,89.28
2019-02-03,585-86-8361,Food and beverages,SKU-585-86-8,5,27.28,0.0,136.4
2019-02-22,807-14-7833,Electronic accessories,SKU-807-14-7,10,17.42,0.0,174.2
2019-01-24,775-72-1988,Home and lifestyle,SKU-775-72-1,5,73.28,0.0,366.40000000000003
2019-01-25,288-38-3758,Fashion accessories,SKU-288-38-3,3,84.87,0.0,254.61
2019-03-09,652-43-6591,Fashion accessories,SKU-652-43-6,8,97.29,0.0,778.3199999999999
2019-02-17,785-96-0615,Electronic accessories,SKU-785-96-0,8,35.74,0.0,285.92
2019-01-11,406-46-7107,Home and lifestyle,SKU-406-46-7,6,96.52,0.0,579.12
2019-02-27,250-17-5703,Food and beverages,SKU-250-17-5,10,18.85,0.0,188.5
2019-03-25,156-95-3964,Food and beverages,SKU-156-95-3,4,55.39,0.0,221.56
2019-02-11,842-40-8179,Food and beverages,SKU-842-40-8,10,77.2,0.0,772.0
2019-01-31,525-09-8450,Electronic accessories,SKU-525-09-8,10,72.13,0.0,721.3
2019-01-20,410-67-1709,Fashion accessories,SKU-410-67-1,8,63.88,0.0,511.03999999999996
2019-03-26,587-73-4862,Health and beauty,SKU-587-73-4,5,10.69,0.0,53.45
2019-01-20,787-87-2010,Health and beauty,SKU-787-87-2,4,55.5,0.0,222.0
2019-03-05,593-14-4239,Home and lifestyle,SKU-593-14-4,8,95.46,0.0,763.6800000000001
2019-01-05,801-88-0346,Fashion accessories,SKU-801-88-0,3,76.06,0.0,228.18
2019-02-13,388-76-2555,Sports and travel,SKU-388-76-2,6,13.69,0.0,82.14
2019-03-16,711-31-1234,Electronic accessories,SKU-711-31-1,4,95.64,0.0,382.56
2019-01-15,886-54-6089,Home and lifestyle,SKU-886-54-6,6,11.43,0.0,68.58
2019-02-26,707-32-7409,Sports and travel,SKU-707-32-7,4,95.54,0.0,382.15999999999997
2019-02-27,759-98-4285,Health and beauty,SKU-759-98-4,7,85.87,0.0,601.09
2019-02-17,201-63-8275,Sports and travel,SKU-201-63-8,7,67.99,0.0,475.93
2019-02-06,471-06-8611,Food and beverages,SKU-471-06-8,1,52.42,0.0,52.419999999999995
2019-01-17,200-16-5952,Food and beverages,SKU-200-16-5,2,65.65,0.0,131.3
2019-01-22,120-54-2248,Food and beverages,SKU-120-54-2,5,28.86,0.0,144.29999999999998
2019-03-05,102-77-2261,Health and beauty,SKU-102-77-2,7,65.31,0.0,457.17
2019-01-03,875-31-8302,Sports and travel,SKU-875-31-8,1,93.38,0.0,93.38000000000001
2019-03-20,102-06-2002,Sports and travel,SKU-102-06-2,5,25.25,25.25,101.0
2019-01-31,457-94-0464,Electronic accessories,SKU-457-94-0,9,87.87,0.0,790.8299999999999
2019-02-19,629-42-4133,Health and beauty,SKU-629-42-4,8,21.8,0.0,174.4
2019-02-11,534-53-3526,Sports and travel,SKU-534-53-3,4,94.76,0.0,379.04
2019-02-05,307-04-2070,Fashion accessories,SKU-307-04-2,1,30.62,0.0,30.620000000000005
2019-03-03,468-99-7231,Home and lifestyle,SKU-468-99-7,8,44.01,0.0,352.08000000000004
2019-02-24,516-77-6464,Health and beauty,SKU-516-77-6,5,10.16,0.0,50.800000000000004
2019-02-04,404-91-5964,Electronic accessories,SKU-404-91-5,7,74.58,0.0,522.0600000000001
2019-02-19,886-77-9084,Electronic accessories,SKU-886-77-9,8,71.89,0.0,575.12
2019-01-23,790-38-4466,Health and beauty,SKU-790-38-4,5,10.99,0.0,54.949999999999996
2019-01-14,704-10-4056,Health and beauty,SKU-704-10-4,3,60.47,0.0,181.41
2019-01-17,497-37-6538,Sports and travel,SKU-497-37-6,7,58.91,0.0,412.37
2019-03-03,651-96-5970,Fashion accessories,SKU-651-96-5,1,46.41,0.0,46.41
2019-02-15,400-80-4065,Health and beauty,SKU-400-80-4,4,68.55,0.0,274.20000000000005
2019-01-15,744-16-7898,Home and lifestyle,SKU-744-16-7,10,97.37,0.0,973.7
2019-02-27,263-12-5321,Electronic accessories,SKU-263-12-5,7,92.6,0.0,648.2
2019-02-26,702-72-0487,Electronic accessories,SKU-702-72-0,2,46.61,0.0,93.22
2019-03-15,605-83-1050,Fashion accessories,SKU-605-83-1,2,27.18,0.0,54.36
2019-01-24,443-60-9639,Home and lifestyle,SKU-443-60-9,1,60.87,0.0,60.87
2019-02-22,864-24-7918,Sports and travel,SKU-864-24-7,10,24.49,0.0,244.89999999999998
2019-03-15,359-94-5395,Health and beauty,SKU-359-94-5,1,92.78,0.0,92.78
2019-02-11,401-09-4232,Home and lifestyle,SKU-401-09-4,5,86.69,0.0,433.45
2019-01-12,751-15-6198,Sports and travel,SKU-751-15-6,6,23.01,0.0,138.06
2019-03-03,324-41-6833,Electronic accessories,SKU-324-41-6,8,30.2,0.0,241.6
2019-03-23,474-33-8305,Fashion accessories,SKU-474-33-8,7,67.39,0.0,471.73
2019-03-04,759-29-9521,Fashion accessories,SKU-759-29-9,9,48.96,0.0,440.64000000000004
2019-02-23,831-81-6575,Electronic accessories,SKU-831-81-6,9,75.59,0.0,680.3100000000001
2019-03-17,220-68-6701,Home and lifestyle,SKU-220-68-6,4,77.47,0.0,309.88
2019-01-16,618-34-8551,Sports and travel,SKU-618-34-8,2,93.18,0.0,186.35999999999999
2019-01-08,257-60-7754,Electronic accessories,SKU-257-60-7,4,50.23,0.0,200.92000000000002
2019-01-14,559-61-5987,Health and beauty,SKU-559-61-5,1,17.75,0.0,17.75
2019-01-31,189-55-2313,Fashion accessories,SKU-189-55-2,10,62.18,0.0,621.8
2019-03-15,565-91-4567,Health and beauty,SKU-565-91-4,8,10.75,0.0,86.0
2019-02-24,380-60-5336,Electronic accessories,SKU-380-60-5,10,40.26,0.0,402.6
2019-02-08,815-04-6282,Sports and travel,SKU-815-04-6,5,64.97,0.0,324.84999999999997
2019-03-22,674-56-6360,Electronic accessories,SKU-674-56-6,1,95.15,0.0,95.15
2019-01-24,778-34-2523,Electronic accessories,SKU-778-34-2,8,48.62,0.0,388.96000000000004
2019-03-14,499-27-7781,Food and beverages,SKU-499-27-7,8,53.21,0.0,425.68
2019-01-23,477-59-2456,Fashion accessories,SKU-477-59-2,7,45.44,0.0,318.08
2019-01-19,832-51-6761,Food and beverages,SKU-832-51-6,8,33.88,0.0,271.03999999999996
2019-01-27,869-11-3082,Health and beauty,SKU-869-11-3,4,96.16,0.0,384.64
2019-02-03,190-59-3964,Food and beverages,SKU-190-59-3,5,47.16,0.0,235.8
2019-03-25,366-43-6862,Electronic accessories,SKU-366-43-6,4,52.89,0.0,211.56
2019-02-24,186-43-8965,Home and lifestyle,SKU-186-43-8,2,47.68,0.0,95.36
2019-02-07,784-21-9238,Sports and travel,SKU-784-21-9,1,10.17,0.0,10.17
2019-03-04,276-75-6884,Health and beauty,SKU-276-75-6,3,68.71,0.0,206.13
2019-02-14,109-86-4363,Sports and travel,SKU-109-86-4,7,60.08,0.0,420.56
2019-01-29,569-76-2760,Sports and travel,SKU-569-76-2,4,22.01,0.0,88.03999999999999
2019-01-28,222-42-0244,Health and beauty,SKU-222-42-0,9,72.11,0.0,648.99
2019-03-26,760-53-9233,Fashion accessories,SKU-760-53-9,3,41.28,0.0,123.84
2019-03-24,538-22-0304,Electronic accessories,SKU-538-22-0,10,64.95,0.0,649.5
2019-01-01,416-17-9926,Electronic accessories,SKU-416-17-9,10,74.22,0.0,742.1999999999999
2019-01-24,237-44-6163,Electronic accessories,SKU-237-44-6,8,10.56,0.0,84.47999999999999
2019-02-25,636-17-0325,Health and beauty,SKU-636-17-0,4,62.57,0.0,250.27999999999997
2019-01-09,343-75-9322,Sports and travel,SKU-343-75-9,8,11.85,0.0,94.80000000000001
2019-02-14,528-14-9470,Health and beauty,SKU-528-14-9,1,91.3,0.0,91.3
2019-03-12,427-45-9297,Home and lifestyle,SKU-427-45-9,7,40.73,0.0,285.11
2019-03-26,807-34-3742,Fashion accessories,SKU-807-34-3,1,52.38,0.0,52.38
2019-01-09,288-62-1085,Fashion accessories,SKU-288-62-1,5,38.54,0.0,192.70000000000002
2019-01-02,670-71-7306,Sports and travel,SKU-670-71-7,6,44.63,0.0,267.78
2019-01-15,660-29-7083,Electronic accessories,SKU-660-29-7,10,55.87,0.0,558.7
2019-01-01,271-77-8740,Sports and travel,SKU-271-77-8,6,29.22,0.0,175.32000000000002
2019-02-15,497-36-0989,Fashion accessories,SKU-497-36-0,3,51.94,0.0,155.82
2019-02-28,291-59-1384,Electronic accessories,SKU-291-59-1,1,60.3,0.0,60.3
2019-03-02,860-73-6466,Sports and travel,SKU-860-73-6,2,39.47,15.788,63.152
2019-02-13,549-23-9016,Food and beverages,SKU-549-23-9,2,14.87,0.0,29.740000000000002
2019-01-26,896-34-0956,Fashion accessories,SKU-896-34-0,1,21.32,0.0,21.32
2019-01-30,804-38-3935,Electronic accessories,SKU-804-38-3,3,93.78,0.0,281.34
2019-01-27,585-90-0249,Electronic accessories,SKU-585-90-0,1,73.26,0.0,73.26
2019-01-30,862-29-5914,Sports and travel,SKU-862-29-5,1,22.38,0.0,22.38
2019-01-08,845-94-6841,Food and beverages,SKU-845-94-6,9,72.88,0.0,655.92
2019-01-19,125-45-2293,Fashion accessories,SKU-125-45-2,6,99.1,0.0,594.6
2019-01-25,843-73-4724,Fashion accessories,SKU-843-73-4,1,74.1,0.0,74.10000000000001
2019-02-19,409-33-9708,Fashion accessories,SKU-409-33-9,2,98.48,0.0,196.95999999999998
2019-01-14,658-66-3967,Health and beauty,SKU-658-66-3,7,53.19,0.0,372.33000000000004
2019-02-25,866-70-2814,Electronic accessories,SKU-866-70-2,10,52.79,0.0,527.9
2019-01-23,160-22-2687,Health and beauty,SKU-160-22-2,5,95.95,0.0,479.75
2019-02-16,895-03-6665,Fashion accessories,SKU-895-03-6,9,36.51,0.0,328.59
2019-01-01,770-42-8960,Food and beverages,SKU-770-42-8,8,21.12,0.0,168.95999999999998
2019-03-07,748-45-2862,Home and lifestyle,SKU-748-45-2,4,28.31,0.0,113.24
2019-02-15,234-36-2483,Health and beauty,SKU-234-36-2,6,57.59,0.0,345.54
2019-01-23,316-66-3011,Food and beverages,SKU-316-66-3,9,47.63,0.0,428.67
2019-02-20,848-95-6252,Home and lifestyle,SKU-848-95-6,1,86.27,0.0,86.27
2019-01-08,840-76-5966,Sports and travel,SKU-840-76-5,2,12.76,0.0,25.52
2019-03-17,152-03-4217,Home and lifestyle,SKU-152-03-4,9,11.28,0.0,101.52000000000001
2019-01-12,533-66-5566,Home and lifestyle,SKU-533-66-5,7,51.07,0.0,357.49
2019-01-08,124-31-1458,Electronic accessories,SKU-124-31-1,3,79.59,0.0,238.76999999999998
2019-01-26,176-78-1170,Health and beauty,SKU-176-78-1,3,33.81,0.0,101.42999999999999
2019-03-15,361-59-0574,Sports and travel,SKU-361-59-0,8,90.53,144.848,579.392
2019-01-17,101-81-4070,Health and beauty,SKU-101-81-4,2,62.82,0.0,125.64
2019-01-08,631-34-1880,Food and beverages,SKU-631-34-1,3,24.31,0.0,72.92999999999999
2019-01-06,852-82-2749,Sports and travel,SKU-852-82-2,4,64.59,0.0,258.36
2019-02-16,873-14-6353,Food and beverages,SKU-873-14-6,7,24.82,0.0,173.73999999999998
2019-03-13,584-66-4073,Fashion accessories,SKU-584-66-4,1,56.5,0.0,56.5
2019-01-28,544-55-9589,Electronic accessories,SKU-544-55-9,10,21.43,0.0,214.29999999999998
2019-01-18,166-19-2553,Sports and travel,SKU-166-19-2,6,89.06,0.0,534.36
2019-03-19,737-88-5876,Home and lifestyle,SKU-737-88-5,4,23.29,0.0,93.16
2019-03-15,154-87-7367,Home and lifestyle,SKU-154-87-7,8,65.26,0.0,522.0799999999999
2019-02-12,885-56-0389,Fashion accessories,SKU-885-56-0,1,52.35,0.0,52.35
2019-02-25,608-05-3804,Electronic accessories,SKU-608-05-3,1,39.75,0.0,39.75
2019-03-21,448-61-3783,Electronic accessories,SKU-448-61-3,8,90.02,0.0,720.16
2019-01-19,761-49-0439,Electronic accessories,SKU-761-49-0,8,12.1,0.0,96.8
2019-01-08,490-95-0021,Food and beverages,SKU-490-95-0,10,33.21,0.0,332.09999999999997
2019-03-30,115-38-7388,Fashion accessories,SKU-115-38-7,8,10.18,0.0,81.44
2019-02-20,311-13-6971,Sports and travel,SKU-311-13-6,10,31.99,0.0,319.9
2019-03-30,291-55-6563,Home and lifestyle,SKU-291-55-6,6,34.42,0.0,206.52
2019-03-19,548-48-3156,Food and beverages,SKU-548-48-3,2,83.34,0.0,166.68
2019-01-13,460-93-5834,Sports and travel,SKU-460-93-5,7,45.58,0.0,319.06
2019-02-05,325-89-4209,Food and beverages,SKU-325-89-4,1,87.9,0.0,87.9
2019-03-23,884-80-6021,Electronic accessories,SKU-884-80-6,10,73.47,0.0,734.6999999999999
2019-03-13,137-74-8729,Fashion accessories,SKU-137-74-8,8,12.19,0.0,97.52
2019-03-17,880-46-5796,Sports and travel,SKU-880-46-5,10,76.92,153.84000000000003,615.36
2019-02-21,389-70-2397,Health and beauty,SKU-389-70-2,5,83.66,0.0,418.29999999999995
2019-02-07,114-35-5271,Electronic accessories,SKU-114-35-5,8,57.91,0.0,463.28000000000003
2019-03-02,607-76-6216,Fashion accessories,SKU-607-76-6,5,92.49,0.0,462.45
2019-03-06,715-20-1673,Electronic accessories,SKU-715-20-1,5,28.38,0.0,141.9
2019-02-06,811-35-1094,Electronic accessories,SKU-811-35-1,6,50.45,0.0,302.7
2019-01-28,699-88-1972,Health and beauty,SKU-699-88-1,8,99.16,0.0,793.28
2019-01-18,781-84-8059,Fashion accessories,SKU-781-84-8,7,60.74,0.0,425.18
2019-02-05,409-49-6995,Food and beverages,SKU-409-49-6,6,47.27,0.0,283.62
2019-03-02,725-54-0677,Health and beauty,SKU-725-54-0,7,85.6,0.0,599.1999999999999
2019-02-09,146-09-5432,Food and beverages,SKU-146-09-5,9,35.04,0.0,315.36
2019-01-14,377-79-7592,Electronic accessories,SKU-377-79-7,9,44.84,0.0,403.56
2019-02-09,509-10-0516,Home and lifestyle,SKU-509-10-0,4,45.97,0.0,183.88000000000002
2019-03-26,595-94-9924,Health and beauty,SKU-595-94-9,5,27.73,0.0,138.65
2019-01-28,865-41-9075,Food and beverages,SKU-865-41-9,7,11.53,0.0,80.71000000000001
2019-02-14,545-07-8534,Health and beauty,SKU-545-07-8,2,58.32,0.0,116.64
2019-03-24,118-62-1812,Home and lifestyle,SKU-118-62-1,4,78.38,0.0,313.52000000000004
2019-02-09,450-42-3339,Health and beauty,SKU-450-42-3,10,84.61,0.0,846.1
2019-03-24,851-98-3555,Health and beauty,SKU-851-98-3,5,82.88,0.0,414.4
2019-03-27,186-71-5196,Food and beverages,SKU-186-71-5,2,79.54,0.0,159.07999999999998
2019-01-27,624-01-8356,Home and lifestyle,SKU-624-01-8,10,49.01,0.0,490.1
2019-03-27,313-66-9943,Food and beverages,SKU-313-66-9,3,29.15,0.0,87.45
2019-01-19,151-27-8496,Electronic accessories,SKU-151-27-8,4,56.13,0.0,224.52
2019-02-07,453-33-6436,Home and lifestyle,SKU-453-33-6,8,93.12,0.0,744.9599999999999
2019-01-31,522-57-8364,Fashion accessories,SKU-522-57-8,8,51.34,0.0,410.71999999999997
2019-02-25,459-45-2396,Food and beverages,SKU-459-45-2,3,99.6,0.0,298.8
2019-02-02,717-96-4189,Electronic accessories,SKU-717-96-4,6,35.49,0.0,212.94
2019-03-14,722-13-2115,Sports and travel,SKU-722-13-2,1,42.85,8.57,34.28
2019-03-11,749-81-8133,Fashion accessories,SKU-749-81-8,4,94.67,0.0,378.67999999999995
2019-02-22,777-67-2495,Home and lifestyle,SKU-777-67-2,3,68.97,0.0,206.91000000000003
2019-03-02,636-98-3364,Electronic accessories,SKU-636-98-3,3,26.26,0.0,78.78
2019-03-10,246-55-6923,Home and lifestyle,SKU-246-55-6,9,35.79,0.0,322.11
2019-02-08,181-82-6255,Home and lifestyle,SKU-181-82-6,6,16.37,0.0,98.22
2019-02-22,838-02-1821,Home and lifestyle,SKU-838-02-1,2,12.73,0.0,25.46
2019-01-10,887-42-0517,Sports and travel,SKU-887-42-0,7,83.14,0.0,581.9799999999999
2019-03-14,457-12-0244,Sports and travel,SKU-457-12-0,6,35.22,42.264,169.056
2019-01-10,226-34-0034,Electronic accessories,SKU-226-34-0,4,13.78,0.0,55.12
2019-02-15,321-49-7382,Sports and travel,SKU-321-49-7,1,88.31,0.0,88.31
2019-01-13,397-25-8725,Health and beauty,SKU-397-25-8,9,39.62,0.0,356.58
2019-02-15,431-66-2305,Electronic accessories,SKU-431-66-2,9,88.25,0.0,794.25
2019-03-02,825-94-5922,Sports and travel,SKU-825-94-5,2,25.31,10.124,40.49600000000001
2019-03-24,641-62-7288,Home and lifestyle,SKU-641-62-7,6,99.92,0.0,599.52
2019-02-02,756-93-1854,Fashion accessories,SKU-756-93-1,2,83.35,0.0,166.7
2019-02-27,243-55-8457,Food and beverages,SKU-243-55-8,10,74.44,0.0,744.4
2019-01-20,458-10-8612,Health and beauty,SKU-458-10-8,7,64.08,0.0,448.56
2019-01-03,501-61-1753,Home and lifestyle,SKU-501-61-1,6,63.15,0.0,378.90000000000003
2019-01-24,235-06-8510,Home and lifestyle,SKU-235-06-8,3,85.72,0.0,257.15999999999997
2019-01-05,433-08-7822,Health and beauty,SKU-433-08-7,7,78.89,0.0,552.23
2019-03-30,361-85-2571,Sports and travel,SKU-361-85-2,5,89.48,89.48000000000002,357.92
2019-02-17,131-70-8179,Health and beauty,SKU-131-70-8,3,92.09,0.0,276.27000000000004
2019-03-21,500-02-2261,Food and beverages,SKU-500-02-2,6,57.29,0.0,343.74
2019-03-02,720-72-2436,Food and beverages,SKU-720-72-2,4,66.52,0.0,266.08000000000004
2019-03-27,702-83-5291,Fashion accessories,SKU-702-83-5,9,99.82,0.0,898.38
2019-01-19,809-69-9497,Home and lifestyle,SKU-809-69-9,10,45.68,0.0,456.8
2019-02-19,449-16-6770,Health and beauty,SKU-449-16-6,5,50.79,0.0,253.95
2019-03-28,333-23-2632,Health and beauty,SKU-333-23-2,7,10.08,0.0,70.55999999999999
2019-01-05,489-82-1237,Electronic accessories,SKU-489-82-1,7,93.88,0.0,657.1600000000001
2019-03-26,859-97-6048,Electronic accessories,SKU-859-97-6,2,84.25,0.0,168.5
2019-02-03,676-10-2200,Fashion accessories,SKU-676-10-2,1,53.78,0.0,53.78
2019-02-06,373-88-1424,Home and lifestyle,SKU-373-88-1,5,35.81,0.0,179.05
2019-02-24,365-16-4334,Food and beverages,SKU-365-16-4,8,26.43,0.0,211.44
2019-02-21,503-21-4385,Health and beauty,SKU-503-21-4,3,39.91,0.0,119.72999999999999
2019-01-09,305-89-2768,Home and lifestyle,SKU-305-89-2,3,21.9,0.0,65.7
2019-02-25,574-80-1489,Food and beverages,SKU-574-80-1,4,62.85,0.0,251.40000000000003
2019-01-13,784-08-0310,Food and beverages,SKU-784-08-0,4,21.04,0.0,84.16
2019-02-09,200-40-6154,Home and lifestyle,SKU-200-40-6,6,65.91,0.0,395.46
2019-01-06,846-10-0341,Fashion accessories,SKU-846-10-0,7,42.57,0.0,297.99
2019-01-10,577-34-7579,Food and beverages,SKU-577-34-7,9,50.49,0.0,454.40999999999997
2019-02-07,430-02-3888,Electronic accessories,SKU-430-02-3,6,46.02,0.0,276.12
2019-01-09,867-47-1948,Home and lifestyle,SKU-867-47-1,10,15.8,0.0,158.0
2019-02-19,384-59-6655,Food and beverages,SKU-384-59-6,9,98.66,0.0,887.9399999999999
2019-03-18,256-58-3609,Fashion accessories,SKU-256-58-3,1,91.98,0.0,91.97999999999999
2019-02-05,324-92-3863,Electronic accessories,SKU-324-92-3,2,20.89,0.0,41.78
2019-03-19,593-08-5916,Fashion accessories,SKU-593-08-5,1,15.5,0.0,15.499999999999998
2019-03-30,364-34-2972,Electronic accessories,SKU-364-34-2,3,96.82,0.0,290.46
2019-01-26,794-42-3736,Food and beverages,SKU-794-42-3,2,33.33,0.0,66.66
2019-03-02,172-42-8274,Electronic accessories,SKU-172-42-8,2,38.27,0.0,76.54
2019-03-04,558-60-5016,Home and lifestyle,SKU-558-60-5,9,33.3,0.0,299.7
2019-01-13,195-06-0432,Home and lifestyle,SKU-195-06-0,3,81.01,0.0,243.03
2019-03-25,605-03-2706,Health and beauty,SKU-605-03-2,3,15.8,0.0,47.400000000000006
2019-03-11,214-30-2776,Electronic accessories,SKU-214-30-2,5,34.49,0.0,172.45
2019-01-01,746-04-1077,Food and beverages,SKU-746-04-1,10,84.63,0.0,846.3
2019-02-10,448-34-8700,Home and lifestyle,SKU-448-34-8,7,36.91,0.0,258.37
2019-01-26,452-04-8808,Electronic accessories,SKU-452-04-8,7,87.08,0.0,609.5600000000001
2019-02-11,531-56-4728,Home and lifestyle,SKU-531-56-4,3,80.08,0.0,240.24
2019-02-07,744-82-9138,Fashion accessories,SKU-744-82-9,2,86.13,0.0,172.26
2019-03-06,883-69-1285,Fashion accessories,SKU-883-69-1,2,49.92,0.0,99.83999999999999
2019-03-04,221-25-5073,Food and beverages,SKU-221-25-5,4,74.66,0.0,298.64
2019-02-26,518-71-6847,Food and beverages,SKU-518-71-6,6,26.6,0.0,159.60000000000002
2019-03-10,156-20-0370,Electronic accessories,SKU-156-20-0,1,25.45,0.0,25.45
2019-02-04,151-33-7434,Food and beverages,SKU-151-33-7,1,67.77,0.0,67.77000000000001
2019-01-19,728-47-9078,Food and beverages,SKU-728-47-9,4,59.59,0.0,238.35999999999999
2019-01-23,809-46-1866,Health and beauty,SKU-809-46-1,4,58.15,0.0,232.6
2019-03-14,139-32-4183,Sports and travel,SKU-139-32-4,9,97.48,175.46400000000003,701.8560000000001
2019-01-23,148-41-7930,Health and beauty,SKU-148-41-7,7,99.96,0.0,699.72
2019-01-09,189-40-5216,Electronic accessories,SKU-189-40-5,7,96.37,0.0,674.5899999999999
2019-02-07,374-38-5555,Fashion accessories,SKU-374-38-5,5,63.71,0.0,318.55
2019-02-18,764-44-8999,Health and beauty,SKU-764-44-8,2,14.76,0.0,29.52
2019-01-03,552-44-5977,Health and beauty,SKU-552-44-5,8,62.0,0.0,495.99999999999994
2019-03-29,267-62-7380,Electronic accessories,SKU-267-62-7,10,82.34,0.0,823.4000000000001
2019-01-28,430-53-4718,Health and beauty,SKU-430-53-4,8,75.37,0.0,602.9599999999999
2019-03-22,886-18-2897,Food and beverages,SKU-886-18-2,5,56.56,0.0,282.8
2019-01-24,602-16-6955,Sports and travel,SKU-602-16-6,10,76.6,0.0,766.0
2019-03-10,745-74-0715,Electronic accessories,SKU-745-74-0,2,58.03,0.0,116.06
2019-02-22,690-01-6631,Fashion accessories,SKU-690-01-6,10,17.49,0.0,174.9
2019-02-18,652-49-6720,Electronic accessories,SKU-652-49-6,1,60.95,0.0,60.95
2019-01-29,233-67-5758,Health and beauty,SKU-233-67-5,1,40.35,0.0,40.35
2019-03-02,303-96-2227,Home and lifestyle,SKU-303-96-2,10,97.38,0.0,973.8
2019-02-09,727-02-1313,Food and beverages,SKU-727-02-1,1,31.84,0.0,31.840000000000003
2019-02-22,347-56-2442,Home and lifestyle,SKU-347-56-2,1,65.82,0.0,65.82000000000001
2019-02-18,849-09-3807,Fashion accessories,SKU-849-09-3,7,88.34,0.0,618.38
